patientNum,service,cubicleNum,status,phoneNum,created_at,reg_start,reg_end,consult_start,consult_end
CON-001,Consultation,R4 C3,Done,,2026-04-01 08:03:13,2026-04-01 08:03:13,2026-04-01 08:05:27,2026-04-01 08:05:27,2026-04-01 09:24:58
CON-002,Consultation,R4 C5,Done,,2026-04-01 08:05:31,2026-04-01 08:05:31,2026-04-01 08:06:17,2026-04-01 09:24:58,2026-04-01 09:26:00
CON-003,Consultation,R2 C1,Done,,2026-04-01 08:06:29,2026-04-01 08:06:29,2026-04-01 08:07:27,2026-04-01 09:26:00,2026-04-01 09:27:19
OPD-004,OPD Reschedule,Reschedule C1,Done,,2026-04-01 08:06:44,,,2026-04-01 08:08:53,2026-04-01 08:10:15
OPD-005,OPD Card,Admin C1,Done,,2026-04-01 08:07:39,,,2026-04-01 08:10:15,2026-04-01 08:10:31
WAR-006,Warfarin,Warfarin C1,Done,,2026-04-01 08:09:14,,,2026-04-01 08:10:44,2026-04-01 08:11:29
CON-007,Consultation,R4 C4,Done,,2026-04-01 08:12:42,2026-04-01 08:12:42,2026-04-01 08:12:45,2026-04-01 09:27:19,2026-04-01 09:36:44
CON-008,Consultation,R3 C3,Done,,2026-04-01 08:18:05,2026-04-01 08:18:05,2026-04-01 08:20:12,2026-04-01 09:36:44,2026-04-01 09:39:05
WAR-009,Warfarin,Warfarin C1,Done,,2026-04-01 08:45:28,,,2026-04-01 08:46:37,2026-04-01 09:01:50
OPD-010,OPD Card,Admin C1,Done,,2026-04-01 08:56:38,,,2026-04-01 08:58:14,2026-04-01 09:10:23
CON-011,Consultation,R1 C3,Done,,2026-04-01 08:59:43,2026-04-01 08:59:43,2026-04-01 09:02:51,2026-04-01 09:39:05,2026-04-01 09:49:22
OPD-012,OPD Card,Admin C1,Done,,2026-04-01 09:02:26,,,2026-04-01 09:10:23,2026-04-01 09:14:20
BEN-013,Benzathine,Benzathine C1,Done,,2026-04-01 09:03:00,,,2026-04-01 09:04:47,2026-04-01 09:06:59
BEN-014,Benzathine,Benzathine C1,Done,,2026-04-01 09:18:39,,,2026-04-01 09:20:29,2026-04-01 09:21:34
OPD-015,OPD Screening,R1 C2,Done,,2026-04-01 09:22:49,2026-04-01 09:22:49,2026-04-01 09:26:51,2026-04-01 09:26:51,2026-04-01 09:27:08
WAR-016,Warfarin,Warfarin C1,Done,,2026-04-01 09:34:14,,,2026-04-01 09:35:34,2026-04-01 09:47:23
WAR-017,Warfarin,Warfarin C1,Done,,2026-04-01 09:39:15,,,2026-04-01 09:47:23,2026-04-01 10:16:13
WAR-018,Warfarin,Warfarin C1,Done,,2026-04-01 09:43:06,,,2026-04-01 10:16:13,2026-04-01 10:20:38
BEN-019,Benzathine,Benzathine C1,Done,,2026-04-01 09:43:25,,,2026-04-01 10:20:38,2026-04-01 10:21:07
CON-020,Consultation,R3 C3,Done,,2026-04-01 09:59:48,2026-04-01 09:59:48,2026-04-01 10:00:26,2026-04-01 10:00:26,2026-04-01 10:01:05
OPD-021,OPD Screening,R1 C3,Done,,2026-04-01 10:01:35,2026-04-01 10:01:35,2026-04-01 10:02:26,2026-04-01 10:02:26,2026-04-01 10:04:38
OPD-022,OPD Card,Admin C1,Done,,2026-04-01 10:12:18,,,2026-04-01 10:14:57,2026-04-01 10:32:55
OPD-023,OPD Screening,R1 C1,Done,,2026-04-01 10:16:18,2026-04-01 10:16:18,2026-04-01 10:20:43,2026-04-01 10:20:43,2026-04-01 10:21:51
CON-024,Consultation,R3 C2,Done,,2026-04-01 10:20:20,2026-04-01 10:20:43,2026-04-01 10:28:39,2026-04-01 10:28:39,2026-04-01 10:31:43
ECG-025,ECG,ECG R1,Done,,2026-04-01 10:36:03,,,2026-04-01 10:37:07,2026-04-01 10:57:07
CON-026,Consultation,R3 C5,Done,,2026-04-01 10:36:23,2026-04-01 10:36:23,2026-04-01 10:40:30,2026-04-01 10:40:30,2026-04-01 10:47:23
BEN-027,Benzathine,Benzathine C1,Done,,2026-04-01 10:37:11,,,2026-04-01 10:39:09,2026-04-01 10:45:11
OPD-028,OPD Card,Admin C1,Done,,2026-04-01 10:50:27,,,2026-04-01 10:52:10,2026-04-01 10:56:31
CON-029,Consultation,R2 C1,Done,,2026-04-01 10:55:40,2026-04-01 10:55:40,2026-04-01 10:56:01,2026-04-01 10:56:01,2026-04-01 10:58:57
CON-030,Consultation,R4 C4,Done,,2026-04-01 11:02:02,2026-04-01 11:02:02,2026-04-01 11:04:58,2026-04-01 11:04:58,2026-04-01 11:05:20
CON-031,Consultation,R3 C5,Done,,2026-04-01 11:02:34,2026-04-01 11:04:58,2026-04-01 11:12:23,2026-04-01 11:12:23,2026-04-01 11:26:59
CON-032,Consultation,R4 C4,Done,,2026-04-01 11:05:03,2026-04-01 11:12:23,2026-04-01 11:33:21,2026-04-01 11:33:21,2026-04-01 11:52:40
OPD-033,OPD Card,Admin C1,Done,,2026-04-01 11:11:28,,,2026-04-01 11:14:11,2026-04-01 11:17:56
CON-034,Consultation,R1 C4,Done,,2026-04-01 11:14:21,2026-04-01 11:33:21,2026-04-01 11:33:47,2026-04-01 11:52:40,2026-04-01 12:06:59
CON-035,Consultation,R3 C2,Done,,2026-04-01 11:14:25,2026-04-01 11:33:47,2026-04-01 11:36:34,2026-04-01 12:06:59,2026-04-01 12:20:11
OPD-036,OPD Card,Admin C1,Done,,2026-04-01 11:15:09,,,2026-04-01 11:17:56,2026-04-01 11:27:17
OPD-037,OPD Screening,R1 C1,Done,,2026-04-01 11:18:40,2026-04-01 11:36:34,2026-04-01 11:36:58,2026-04-01 11:36:58,2026-04-01 11:47:00
CON-038,Consultation,R2 C4,Done,,2026-04-01 11:19:53,2026-04-01 11:36:58,2026-04-01 11:39:46,2026-04-01 12:20:11,2026-04-01 12:25:00
OPD-039,OPD Card,Admin C1,Done,,2026-04-01 11:20:16,,,2026-04-01 11:27:17,2026-04-01 11:28:21
CON-040,Consultation,R2 C1,Done,,2026-04-01 11:21:24,2026-04-01 11:39:46,2026-04-01 11:42:24,2026-04-01 12:25:00,2026-04-01 12:27:03
REF-041,Refill Prescription,Refill C1,Done,,2026-04-01 11:26:02,,,2026-04-01 11:29:01,2026-04-01 11:42:27
ECG-042,ECG,ECG R1,Done,,2026-04-01 11:30:39,,,2026-04-01 11:32:35,2026-04-01 12:21:43
OPD-043,OPD Card,Admin C1,Done,,2026-04-01 11:31:21,,,2026-04-01 11:42:27,2026-04-01 11:43:16
CON-044,Consultation,R4 C3,Done,,2026-04-01 11:40:31,2026-04-01 11:42:24,2026-04-01 11:44:05,2026-04-01 12:27:03,2026-04-01 12:37:54
WAR-045,Warfarin,Warfarin C1,Done,,2026-04-01 11:44:15,,,2026-04-01 11:47:12,2026-04-01 12:06:18
OPD-046,OPD Card,Admin C1,Done,,2026-04-01 11:49:10,,,2026-04-01 11:50:49,2026-04-01 11:53:38
OPD-047,OPD Screening,R1 C1,Done,,2026-04-01 11:50:32,2026-04-01 11:50:32,2026-04-01 12:07:53,2026-04-01 12:07:53,2026-04-01 12:13:56
OPD-048,OPD Screening,R1 C2,Done,,2026-04-01 11:54:08,2026-04-01 12:07:53,2026-04-01 12:24:39,2026-04-01 12:24:39,2026-04-01 12:27:28
OPD-049,OPD Reschedule,Reschedule C1,Done,,2026-04-01 11:57:36,,,2026-04-01 11:59:06,2026-04-01 12:02:40
ECG-050,ECG,ECG R1,Done,,2026-04-01 11:57:39,,,2026-04-01 12:21:43,2026-04-01 12:21:51
CON-051,Consultation,R4 C2,Done,,2026-04-01 11:57:49,2026-04-01 12:24:39,2026-04-01 12:25:07,2026-04-01 12:37:54,2026-04-01 12:44:12
CON-052,Consultation,R2 C3,Done,,2026-04-01 12:03:58,2026-04-01 12:25:07,2026-04-01 12:28:37,2026-04-01 12:44:12,2026-04-01 12:45:13
OPD-053,OPD Card,Admin C1,Done,,2026-04-01 12:04:34,,,2026-04-01 12:06:17,2026-04-01 12:14:07
CON-054,Consultation,R4 C3,Done,,2026-04-01 12:08:36,2026-04-01 12:28:37,2026-04-01 12:36:04,2026-04-01 12:45:13,2026-04-01 12:47:54
REF-055,Refill Prescription,Refill C1,Done,,2026-04-01 12:29:41,,,2026-04-01 12:30:43,2026-04-01 12:32:25
ECG-056,ECG,ECG R1,Done,,2026-04-01 12:33:18,,,2026-04-01 12:35:15,2026-04-01 12:37:53
CON-057,Consultation,R1 C1,Done,,2026-04-01 12:37:50,2026-04-01 12:37:50,2026-04-01 12:38:37,2026-04-01 12:47:54,2026-04-01 12:53:42
CON-058,Consultation,R3 C3,Done,,2026-04-01 12:39:07,2026-04-01 12:39:07,2026-04-01 12:44:47,2026-04-01 12:53:42,2026-04-01 12:56:39
CON-059,Consultation,R3 C3,Done,,2026-04-01 12:39:50,2026-04-01 12:44:47,2026-04-01 12:47:44,2026-04-01 12:56:39,2026-04-01 12:58:27
CON-060,Consultation,R4 C3,Done,,2026-04-01 12:51:26,2026-04-01 12:51:26,2026-04-01 12:59:04,2026-04-01 12:59:04,2026-04-01 13:37:29
CON-061,Consultation,R3 C5,Done,,2026-04-01 12:52:47,2026-04-01 12:59:04,2026-04-01 13:13:26,2026-04-01 13:37:29,2026-04-01 13:51:12
CON-062,Consultation,R3 C4,Done,,2026-04-01 12:57:30,2026-04-01 13:13:26,2026-04-01 13:14:57,2026-04-01 13:51:12,2026-04-01 13:54:01
REF-063,Refill Prescription,Refill C1,Done,,2026-04-01 13:03:06,,,2026-04-01 13:05:04,2026-04-01 13:07:46
WAR-064,Warfarin,Warfarin C1,Done,,2026-04-01 13:05:26,,,2026-04-01 13:07:57,2026-04-01 13:11:17
REF-065,Refill Prescription,Refill C1,Done,,2026-04-01 13:06:59,,,2026-04-01 13:09:49,2026-04-01 13:11:39
REF-066,Refill Prescription,Refill C1,Done,,2026-04-01 13:09:20,,,2026-04-01 13:11:39,2026-04-01 13:13:10
REF-067,Refill Prescription,Refill C1,Done,,2026-04-01 13:09:53,,,2026-04-01 13:13:10,2026-04-01 13:14:19
OPD-068,OPD Reschedule,Reschedule C1,Done,,2026-04-01 13:19:05,,,2026-04-01 13:21:55,2026-04-01 13:31:43
WAR-069,Warfarin,Warfarin C1,Done,,2026-04-01 13:22:29,,,2026-04-01 13:24:07,2026-04-01 13:33:14
CON-070,Consultation,R1 C2,Done,,2026-04-01 13:27:49,2026-04-01 13:27:49,2026-04-01 13:28:14,2026-04-01 13:54:01,2026-04-01 13:57:22
CON-071,Consultation,R3 C3,Done,,2026-04-01 13:32:27,2026-04-01 13:32:27,2026-04-01 13:41:46,2026-04-01 13:57:22,2026-04-01 14:02:39
CON-072,Consultation,R1 C2,Done,,2026-04-01 13:33:52,2026-04-01 13:41:46,2026-04-01 13:48:29,2026-04-01 14:02:39,2026-04-01 14:04:41
OPD-073,OPD Screening,R1 C3,Done,,2026-04-01 13:34:30,2026-04-01 13:48:29,2026-04-01 13:48:32,2026-04-01 13:48:32,2026-04-01 13:48:56
BEN-074,Benzathine,Benzathine C1,Done,,2026-04-01 13:39:28,,,2026-04-01 13:40:58,2026-04-01 13:42:43
CON-075,Consultation,R2 C3,Done,,2026-04-01 13:48:36,2026-04-01 13:48:36,2026-04-01 13:50:25,2026-04-01 14:04:41,2026-04-01 14:08:07
BEN-076,Benzathine,Benzathine C1,Done,,2026-04-01 13:53:22,,,2026-04-01 13:55:30,2026-04-01 14:04:32
WAR-077,Warfarin,Warfarin C1,Done,,2026-04-01 13:54:49,,,2026-04-01 14:04:32,2026-04-01 14:32:37
BEN-078,Benzathine,Benzathine C1,Done,,2026-04-01 14:00:37,,,2026-04-01 14:32:37,2026-04-01 14:42:52
ECG-079,ECG,ECG R1,Done,,2026-04-01 14:00:56,,,2026-04-01 14:02:24,2026-04-01 14:25:12
REF-080,Refill Prescription,Refill C1,Done,,2026-04-01 14:14:25,,,2026-04-01 14:15:55,2026-04-01 14:17:19
CON-081,Consultation,R2 C5,Done,,2026-04-01 14:18:48,2026-04-01 14:18:48,2026-04-01 14:20:24,2026-04-01 14:20:24,2026-04-01 14:38:12
CON-082,Consultation,R2 C1,Done,,2026-04-01 14:37:05,2026-04-01 14:37:05,2026-04-01 14:41:55,2026-04-01 14:41:55,2026-04-01 14:46:46
OPD-083,OPD Screening,R1 C1,Done,,2026-04-01 14:39:01,2026-04-01 14:41:55,2026-04-01 14:44:32,2026-04-01 14:44:32,2026-04-01 15:07:02
BEN-084,Benzathine,Benzathine C1,Done,,2026-04-01 14:49:27,,,2026-04-01 14:52:09,2026-04-01 14:58:07
OPD-085,OPD Screening,R1 C1,Done,,2026-04-01 14:53:51,2026-04-01 14:53:51,2026-04-01 14:55:24,2026-04-01 15:07:02,2026-04-01 15:18:45
REF-086,Refill Prescription,Refill C1,Done,,2026-04-01 15:05:21,,,2026-04-01 15:07:56,2026-04-01 15:08:00
BEN-087,Benzathine,Benzathine C1,Done,,2026-04-01 15:06:28,,,2026-04-01 15:08:53,2026-04-01 15:09:13
OPD-088,OPD Screening,R1 C3,Done,,2026-04-01 15:11:29,2026-04-01 15:11:29,2026-04-01 15:13:01,2026-04-01 15:18:45,2026-04-01 15:21:07
CON-089,Consultation,R4 C3,Done,,2026-04-01 15:14:25,2026-04-01 15:14:25,2026-04-01 15:18:47,2026-04-01 15:18:47,2026-04-01 15:52:34
CON-090,Consultation,R1 C5,Done,,2026-04-01 15:15:37,2026-04-01 15:18:47,2026-04-01 15:21:11,2026-04-01 15:52:34,2026-04-01 16:25:26
OPD-091,OPD Screening,R1 C2,Done,,2026-04-01 15:19:04,2026-04-01 15:21:11,2026-04-01 15:21:36,2026-04-01 15:21:36,2026-04-01 15:22:55
CON-092,Consultation,R4 C2,Done,,2026-04-01 15:21:48,2026-04-01 15:21:48,2026-04-01 15:22:56,2026-04-01 16:25:26,2026-04-01 16:28:12
OPD-093,OPD Screening,R1 C2,Done,,2026-04-01 15:22:52,2026-04-01 15:22:56,2026-04-01 15:25:35,2026-04-01 15:25:35,2026-04-01 15:28:47
BEN-001,Benzathine,Benzathine C1,Done,,2026-04-02 08:08:39,,,2026-04-02 08:10:16,2026-04-02 08:15:25
WAR-002,Warfarin,Warfarin C1,Done,,2026-04-02 08:27:17,,,2026-04-02 08:29:33,2026-04-02 08:49:14
CON-003,Consultation,R3 C4,Done,,2026-04-02 08:31:12,2026-04-02 08:31:12,2026-04-02 08:36:01,2026-04-02 08:36:01,2026-04-02 08:51:41
OPD-004,OPD Card,Admin C1,Done,,2026-04-02 08:39:50,,,2026-04-02 08:40:59,2026-04-02 08:44:30
CON-005,Consultation,R1 C1,Done,,2026-04-02 08:43:48,2026-04-02 08:43:48,2026-04-02 08:44:34,2026-04-02 08:51:41,2026-04-02 09:03:29
OPD-006,OPD Reschedule,Reschedule C1,Done,,2026-04-02 08:50:44,,,2026-04-02 08:52:26,2026-04-02 08:52:54
CON-007,Consultation,R2 C3,Done,,2026-04-02 08:52:18,2026-04-02 08:52:18,2026-04-02 08:53:32,2026-04-02 09:03:29,2026-04-02 09:08:22
REF-008,Refill Prescription,Refill C1,Done,,2026-04-02 08:55:56,,,2026-04-02 08:57:40,2026-04-02 09:12:39
CON-009,Consultation,R1 C4,Done,,2026-04-02 08:55:59,2026-04-02 08:55:59,2026-04-02 08:57:31,2026-04-02 09:08:22,2026-04-02 09:25:27
CON-010,Consultation,R4 C4,Done,,2026-04-02 08:59:00,2026-04-02 08:59:00,2026-04-02 09:00:41,2026-04-02 09:25:27,2026-04-02 09:44:55
OPD-011,OPD Screening,R1 C3,Done,,2026-04-02 09:05:25,2026-04-02 09:05:25,2026-04-02 09:08:40,2026-04-02 09:08:40,2026-04-02 09:43:38
CON-012,Consultation,R2 C5,Done,,2026-04-02 09:08:28,2026-04-02 09:08:40,2026-04-02 09:09:04,2026-04-02 09:44:55,2026-04-02 10:31:40
OPD-013,OPD Screening,R1 C1,Done,,2026-04-02 09:18:32,2026-04-02 09:18:32,2026-04-02 09:23:31,2026-04-02 09:43:38,2026-04-02 09:48:41
BEN-014,Benzathine,Benzathine C1,Done,,2026-04-02 09:25:07,,,2026-04-02 09:26:34,2026-04-02 09:33:39
CON-015,Consultation,R2 C1,Done,,2026-04-02 09:38:28,2026-04-02 09:38:28,2026-04-02 09:44:36,2026-04-02 10:31:40,2026-04-02 10:32:55
WAR-016,Warfarin,Warfarin C1,Done,,2026-04-02 09:41:30,,,2026-04-02 09:43:23,2026-04-02 09:47:18
CON-017,Consultation,R1 C2,Done,,2026-04-02 09:46:16,2026-04-02 09:46:16,2026-04-02 09:49:28,2026-04-02 10:32:55,2026-04-02 11:15:27
WAR-018,Warfarin,Warfarin C1,Done,,2026-04-02 09:53:12,,,2026-04-02 09:54:48,2026-04-02 09:59:14
OPD-019,OPD Screening,R1 C1,Done,,2026-04-02 09:59:30,2026-04-02 09:59:30,2026-04-02 10:02:56,2026-04-02 10:02:56,2026-04-02 11:00:32
WAR-020,Warfarin,Warfarin C1,Done,,2026-04-02 10:04:21,,,2026-04-02 10:06:47,2026-04-02 10:22:04
OPD-021,OPD Screening,R1 C3,Done,,2026-04-02 10:13:38,2026-04-02 10:13:38,2026-04-02 10:19:37,2026-04-02 11:00:32,2026-04-02 11:06:38
CON-022,Consultation,R2 C2,Done,,2026-04-02 10:14:08,2026-04-02 10:19:37,2026-04-02 10:23:39,2026-04-02 11:15:27,2026-04-02 12:36:40
CON-023,Consultation,R4 C5,Done,,2026-04-02 10:25:47,2026-04-02 10:25:47,2026-04-02 10:27:38,2026-04-02 12:36:40,2026-04-02 12:54:52
CON-024,Consultation,R1 C1,Done,,2026-04-02 10:29:24,2026-04-02 10:29:24,2026-04-02 10:29:40,2026-04-02 12:54:52,2026-04-02 13:58:24
CON-025,Consultation,R1 C4,Done,,2026-04-02 10:37:31,2026-04-02 10:37:31,2026-04-02 10:39:34,2026-04-02 13:58:24,2026-04-02 14:00:06
OPD-026,OPD Screening,R1 C1,Done,,2026-04-02 10:55:54,2026-04-02 10:55:54,2026-04-02 11:00:18,2026-04-02 11:06:38,2026-04-02 11:12:50
ECG-027,ECG,ECG R1,Done,,2026-04-02 11:01:51,,,2026-04-02 11:04:21,2026-04-02 11:19:51
WAR-028,Warfarin,Warfarin C1,Done,,2026-04-02 11:05:04,,,2026-04-02 11:06:40,2026-04-02 11:09:43
CON-029,Consultation,R2 C2,Done,,2026-04-02 11:24:15,2026-04-02 11:24:15,2026-04-02 11:25:00,2026-04-02 14:00:06,2026-04-02 14:07:36
WAR-030,Warfarin,Warfarin C1,Done,,2026-04-02 11:26:41,,,2026-04-02 11:28:42,2026-04-02 11:34:14
OPD-031,OPD Card,Admin C1,Done,,2026-04-02 11:40:08,,,2026-04-02 11:42:37,2026-04-02 11:44:16
CON-032,Consultation,R3 C1,Done,,2026-04-02 11:45:17,2026-04-02 11:45:17,2026-04-02 11:45:31,2026-04-02 14:07:36,2026-04-02 14:16:26
WAR-033,Warfarin,Warfarin C1,Done,,2026-04-02 11:52:08,,,2026-04-02 11:53:43,2026-04-02 12:01:39
ECG-034,ECG,ECG R1,Done,,2026-04-02 11:53:53,,,2026-04-02 11:55:49,2026-04-02 11:56:59
CON-035,Consultation,R2 C5,Done,,2026-04-02 11:54:34,2026-04-02 11:54:34,2026-04-02 12:01:38,2026-04-02 14:16:26,2026-04-02 14:16:44
REF-036,Refill Prescription,Refill C1,Done,,2026-04-02 12:09:56,,,2026-04-02 12:12:48,2026-04-02 12:25:27
OPD-037,OPD Card,Admin C1,Done,,2026-04-02 12:12:00,,,2026-04-02 12:25:27,2026-04-02 12:26:19
ECG-038,ECG,ECG R1,Done,,2026-04-02 12:12:35,,,2026-04-02 12:14:37,2026-04-02 12:28:00
ECG-039,ECG,ECG R1,Done,,2026-04-02 12:14:57,,,2026-04-02 12:28:00,2026-04-02 12:50:08
BEN-040,Benzathine,Benzathine C1,Done,,2026-04-02 12:16:00,,,2026-04-02 12:18:31,2026-04-02 12:24:38
ECG-041,ECG,ECG R1,Done,,2026-04-02 12:23:35,,,2026-04-02 12:50:08,2026-04-02 13:04:43
BEN-042,Benzathine,Benzathine C1,Done,,2026-04-02 12:25:06,,,2026-04-02 12:26:07,2026-04-02 12:34:32
CON-043,Consultation,R4 C5,Done,,2026-04-02 12:27:29,2026-04-02 12:27:29,2026-04-02 12:30:39,2026-04-02 14:16:44,2026-04-02 14:21:48
CON-044,Consultation,R2 C2,Done,,2026-04-02 12:42:21,2026-04-02 12:42:21,2026-04-02 12:43:12,2026-04-02 14:21:48,2026-04-02 15:18:45
WAR-045,Warfarin,Warfarin C1,Done,,2026-04-02 12:45:07,,,2026-04-02 12:48:03,2026-04-02 12:52:47
OPD-046,OPD Screening,R1 C3,Done,,2026-04-02 12:57:48,2026-04-02 12:57:48,2026-04-02 13:01:43,2026-04-02 13:01:43,2026-04-02 13:08:31
CON-047,Consultation,R4 C3,Done,,2026-04-02 13:07:49,2026-04-02 13:07:49,2026-04-02 13:12:58,2026-04-02 15:18:45,2026-04-02 15:27:24
ECG-048,ECG,ECG R1,Done,,2026-04-02 13:08:26,,,2026-04-02 13:09:56,2026-04-02 13:14:31
CON-049,Consultation,R1 C5,Done,,2026-04-02 13:15:25,2026-04-02 13:15:25,2026-04-02 13:15:45,2026-04-02 15:27:24,2026-04-02 15:41:42
ECG-050,ECG,ECG R1,Done,,2026-04-02 13:16:16,,,2026-04-02 13:17:19,2026-04-02 14:29:08
CON-051,Consultation,R4 C5,Done,,2026-04-02 13:18:05,2026-04-02 13:18:05,2026-04-02 13:18:19,2026-04-02 15:41:42,2026-04-02 16:00:16
OPD-052,OPD Reschedule,Reschedule C1,Done,,2026-04-02 13:19:11,,,2026-04-02 13:21:53,2026-04-02 13:28:18
REF-053,Refill Prescription,Refill C1,Done,,2026-04-02 13:23:22,,,2026-04-02 13:28:18,2026-04-02 13:30:52
OPD-054,OPD Card,Admin C1,Done,,2026-04-02 13:29:10,,,2026-04-02 13:30:59,2026-04-02 14:03:03
CON-055,Consultation,R2 C2,Done,,2026-04-02 13:29:52,2026-04-02 13:29:52,2026-04-02 13:38:37,2026-04-02 16:00:16,2026-04-02 16:07:07
WAR-056,Warfarin,Warfarin C1,Done,,2026-04-02 13:31:28,,,2026-04-02 13:33:05,2026-04-02 13:34:20
BEN-057,Benzathine,Benzathine C1,Done,,2026-04-02 13:34:15,,,2026-04-02 13:35:32,2026-04-02 13:38:23
CON-058,Consultation,R2 C4,Done,,2026-04-02 13:38:22,2026-04-02 13:38:37,2026-04-02 13:40:18,2026-04-02 16:07:07,2026-04-02 16:32:43
REF-059,Refill Prescription,Refill C1,Done,,2026-04-02 13:43:04,,,2026-04-02 14:03:03,2026-04-02 14:05:33
ECG-060,ECG,ECG R1,Done,,2026-04-02 13:43:50,,,2026-04-02 14:29:08,2026-04-02 14:40:27
CON-061,Consultation,R4 C4,Done,,2026-04-02 13:44:32,2026-04-02 13:44:32,2026-04-02 13:45:31,2026-04-02 16:32:43,2026-04-02 17:07:17
WAR-062,Warfarin,Warfarin C1,Done,,2026-04-02 14:02:36,,,2026-04-02 14:05:07,2026-04-02 14:15:36
OPD-063,OPD Card,Admin C1,Done,,2026-04-02 14:06:38,,,2026-04-02 14:08:30,2026-04-02 14:09:25
CON-064,Consultation,R4 C2,Done,,2026-04-02 14:13:20,2026-04-02 14:13:20,2026-04-02 14:22:42,2026-04-02 17:07:17,2026-04-02 18:02:14
CON-065,Consultation,R2 C5,Done,,2026-04-02 14:16:04,2026-04-02 14:22:42,2026-04-02 14:27:21,2026-04-02 18:02:14,2026-04-02 18:36:39
CON-066,Consultation,R1 C5,Done,,2026-04-02 14:30:40,2026-04-02 14:30:40,2026-04-02 14:35:17,2026-04-02 18:36:39,2026-04-02 18:45:37
CON-067,Consultation,R3 C4,Done,,2026-04-02 14:34:32,2026-04-02 14:35:17,2026-04-02 14:36:36,2026-04-02 18:45:37,2026-04-02 19:42:53
ECG-068,ECG,ECG R1,Done,,2026-04-02 14:35:00,,,2026-04-02 14:40:27,2026-04-02 14:57:27
BEN-069,Benzathine,Benzathine C1,Done,,2026-04-02 14:41:04,,,2026-04-02 14:42:39,2026-04-02 14:54:09
CON-070,Consultation,R3 C4,Done,,2026-04-02 14:42:48,2026-04-02 14:42:48,2026-04-02 14:45:29,2026-04-02 19:42:53,2026-04-02 19:46:39
CON-071,Consultation,R1 C3,Done,,2026-04-02 14:43:59,2026-04-02 14:45:29,2026-04-02 14:46:20,2026-04-02 19:46:39,2026-04-02 19:57:43
ECG-072,ECG,ECG R1,Done,,2026-04-02 14:53:19,,,2026-04-02 14:57:27,2026-04-02 15:42:35
CON-073,Consultation,R3 C1,Done,,2026-04-02 14:59:52,2026-04-02 14:59:52,2026-04-02 15:07:42,2026-04-02 19:57:43,2026-04-02 20:16:01
REF-074,Refill Prescription,Refill C1,Done,,2026-04-02 15:07:38,,,2026-04-02 15:08:56,2026-04-02 15:27:56
CON-075,Consultation,R4 C1,Done,,2026-04-02 15:08:53,2026-04-02 15:08:53,2026-04-02 15:09:45,2026-04-02 20:16:01,2026-04-02 20:33:40
WAR-076,Warfarin,Warfarin C1,Done,,2026-04-02 15:14:15,,,2026-04-02 15:15:53,2026-04-02 15:20:10
CON-077,Consultation,R4 C3,Done,,2026-04-02 15:17:59,2026-04-02 15:17:59,2026-04-02 15:18:15,2026-04-02 20:33:40,2026-04-02 21:08:40
CON-078,Consultation,R2 C4,Done,,2026-04-02 15:19:10,2026-04-02 15:19:10,2026-04-02 15:21:15,2026-04-02 21:08:40,2026-04-02 21:10:42
CON-079,Consultation,R4 C4,Done,,2026-04-02 15:24:35,2026-04-02 15:24:35,2026-04-02 15:29:30,2026-04-02 21:10:42,2026-04-02 21:33:48
CON-080,Consultation,R4 C5,Done,,2026-04-02 15:40:17,2026-04-02 15:40:17,2026-04-02 15:45:16,2026-04-02 21:33:48,2026-04-02 21:59:55
WAR-081,Warfarin,Warfarin C1,Done,,2026-04-02 15:40:28,,,2026-04-02 15:43:01,2026-04-02 16:02:41
OPD-082,OPD Screening,R1 C2,Done,,2026-04-02 15:44:38,2026-04-02 15:45:16,2026-04-02 15:45:29,2026-04-02 15:45:29,2026-04-02 16:05:48
WAR-001,Warfarin,Warfarin C1,Done,,2026-04-03 08:01:28,,,2026-04-03 08:03:21,2026-04-03 08:13:55
CON-002,Consultation,R4 C4,Done,,2026-04-03 08:01:50,2026-04-03 08:01:50,2026-04-03 08:05:58,2026-04-03 08:05:58,2026-04-03 08:10:54
ECG-003,ECG,ECG R1,Done,,2026-04-03 08:02:21,,,2026-04-03 08:03:48,2026-04-03 08:08:25
CON-004,Consultation,R2 C5,Done,,2026-04-03 08:10:34,2026-04-03 08:10:34,2026-04-03 08:10:48,2026-04-03 08:10:54,2026-04-03 08:35:55
CON-005,Consultation,R1 C4,Done,,2026-04-03 08:12:12,2026-04-03 08:12:12,2026-04-03 08:12:18,2026-04-03 08:35:55,2026-04-03 08:53:29
ECG-006,ECG,ECG R1,Done,,2026-04-03 08:12:50,,,2026-04-03 08:15:44,2026-04-03 08:33:16
OPD-007,OPD Reschedule,Reschedule C1,Done,,2026-04-03 08:15:08,,,2026-04-03 08:16:18,2026-04-03 08:21:21
CON-008,Consultation,R2 C1,Done,,2026-04-03 08:15:51,2026-04-03 08:15:51,2026-04-03 08:18:21,2026-04-03 08:53:29,2026-04-03 08:55:58
OPD-009,OPD Reschedule,Reschedule C1,Done,,2026-04-03 08:18:12,,,2026-04-03 08:21:21,2026-04-03 08:24:37
CON-010,Consultation,R2 C2,Done,,2026-04-03 08:19:17,2026-04-03 08:19:17,2026-04-03 08:20:38,2026-04-03 08:55:58,2026-04-03 09:04:13
CON-011,Consultation,R1 C2,Done,,2026-04-03 08:23:30,2026-04-03 08:23:30,2026-04-03 08:28:34,2026-04-03 09:04:13,2026-04-03 09:04:14
CON-012,Consultation,R3 C4,Done,,2026-04-03 08:25:34,2026-04-03 08:28:34,2026-04-03 08:29:42,2026-04-03 09:04:14,2026-04-03 09:43:29
CON-013,Consultation,R3 C2,Done,,2026-04-03 08:28:18,2026-04-03 08:29:42,2026-04-03 08:30:14,2026-04-03 09:43:29,2026-04-03 09:45:01
WAR-014,Warfarin,Warfarin C1,Done,,2026-04-03 08:28:59,,,2026-04-03 08:31:56,2026-04-03 08:37:34
CON-015,Consultation,R1 C2,Done,,2026-04-03 08:45:26,2026-04-03 08:45:26,2026-04-03 08:52:52,2026-04-03 09:45:01,2026-04-03 10:20:16
REF-016,Refill Prescription,Refill C1,Done,,2026-04-03 08:59:14,,,2026-04-03 09:01:22,2026-04-03 09:02:43
OPD-017,OPD Reschedule,Reschedule C1,Done,,2026-04-03 09:17:54,,,2026-04-03 09:20:29,2026-04-03 09:23:21
CON-018,Consultation,R4 C4,Done,,2026-04-03 09:18:20,2026-04-03 09:18:20,2026-04-03 09:18:23,2026-04-03 10:20:16,2026-04-03 10:26:56
WAR-019,Warfarin,Warfarin C1,Done,,2026-04-03 09:30:14,,,2026-04-03 09:32:56,2026-04-03 09:46:41
CON-020,Consultation,R4 C5,Done,,2026-04-03 09:44:50,2026-04-03 09:44:50,2026-04-03 09:46:09,2026-04-03 10:26:56,2026-04-03 10:40:05
OPD-021,OPD Screening,R1 C2,Done,,2026-04-03 09:45:00,2026-04-03 09:46:09,2026-04-03 09:47:08,2026-04-03 09:47:08,2026-04-03 09:50:29
WAR-022,Warfarin,Warfarin C1,Done,,2026-04-03 09:48:48,,,2026-04-03 09:51:09,2026-04-03 10:07:42
CON-023,Consultation,R3 C2,Done,,2026-04-03 09:59:41,2026-04-03 09:59:41,2026-04-03 09:59:43,2026-04-03 10:40:05,2026-04-03 10:43:35
OPD-024,OPD Screening,R1 C2,Done,,2026-04-03 10:01:55,2026-04-03 10:01:55,2026-04-03 10:07:41,2026-04-03 10:07:41,2026-04-03 10:07:54
CON-025,Consultation,R4 C5,Done,,2026-04-03 10:04:25,2026-04-03 10:07:41,2026-04-03 10:09:28,2026-04-03 10:43:35,2026-04-03 11:05:31
WAR-026,Warfarin,Warfarin C1,Done,,2026-04-03 10:10:43,,,2026-04-03 10:12:12,2026-04-03 10:20:00
WAR-027,Warfarin,Warfarin C1,Done,,2026-04-03 10:11:43,,,2026-04-03 10:20:00,2026-04-03 10:23:08
CON-028,Consultation,R3 C5,Done,,2026-04-03 10:20:03,2026-04-03 10:20:03,2026-04-03 10:20:19,2026-04-03 11:05:31,2026-04-03 11:31:25
ECG-029,ECG,ECG R1,Done,,2026-04-03 10:27:02,,,2026-04-03 10:28:20,2026-04-03 10:33:27
OPD-030,OPD Card,Admin C1,Done,,2026-04-03 10:28:10,,,2026-04-03 10:29:11,2026-04-03 10:30:25
ECG-031,ECG,ECG R1,Done,,2026-04-03 10:33:39,,,2026-04-03 10:35:11,2026-04-03 10:52:03
OPD-032,OPD Reschedule,Reschedule C1,Done,,2026-04-03 10:54:33,,,2026-04-03 10:57:29,2026-04-03 10:59:10
CON-033,Consultation,R3 C1,Done,,2026-04-03 11:10:05,2026-04-03 11:10:05,2026-04-03 11:11:34,2026-04-03 11:31:25,2026-04-03 12:02:08
OPD-034,OPD Screening,R1 C2,Done,,2026-04-03 11:10:54,2026-04-03 11:11:34,2026-04-03 11:11:49,2026-04-03 11:11:49,2026-04-03 11:14:05
WAR-035,Warfarin,Warfarin C1,Done,,2026-04-03 11:15:53,,,2026-04-03 11:17:01,2026-04-03 11:17:16
BEN-036,Benzathine,Benzathine C1,Done,,2026-04-03 11:16:06,,,2026-04-03 11:18:32,2026-04-03 11:42:30
CON-037,Consultation,R3 C3,Done,,2026-04-03 11:25:05,2026-04-03 11:25:05,2026-04-03 11:33:22,2026-04-03 12:02:08,2026-04-03 12:35:14
OPD-038,OPD Card,Admin C1,Done,,2026-04-03 11:31:42,,,2026-04-03 11:33:30,2026-04-03 11:33:45
REF-039,Refill Prescription,Refill C1,Done,,2026-04-03 11:32:30,,,2026-04-03 11:33:49,2026-04-03 11:37:39
BEN-040,Benzathine,Benzathine C1,Done,,2026-04-03 11:46:33,,,2026-04-03 11:48:09,2026-04-03 11:48:40
ECG-041,ECG,ECG R1,Done,,2026-04-03 11:46:37,,,2026-04-03 11:48:48,2026-04-03 11:53:20
CON-042,Consultation,R1 C4,Done,,2026-04-03 11:46:52,2026-04-03 11:46:52,2026-04-03 11:47:37,2026-04-03 12:35:14,2026-04-03 12:54:59
ECG-043,ECG,ECG R1,Done,,2026-04-03 11:53:35,,,2026-04-03 11:55:10,2026-04-03 11:57:10
CON-044,Consultation,R1 C1,Done,,2026-04-03 12:00:47,2026-04-03 12:00:47,2026-04-03 12:04:57,2026-04-03 12:54:59,2026-04-03 13:08:54
CON-045,Consultation,R2 C5,Done,,2026-04-03 12:02:57,2026-04-03 12:04:57,2026-04-03 12:04:58,2026-04-03 13:08:54,2026-04-03 13:20:04
ECG-046,ECG,ECG R1,Done,,2026-04-03 12:06:01,,,2026-04-03 12:07:08,2026-04-03 12:28:12
CON-047,Consultation,R3 C1,Done,,2026-04-03 12:08:26,2026-04-03 12:08:26,2026-04-03 12:11:05,2026-04-03 13:20:04,2026-04-03 13:27:48
REF-048,Refill Prescription,Refill C1,Done,,2026-04-03 12:08:49,,,2026-04-03 12:11:38,2026-04-03 12:12:30
OPD-049,OPD Screening,R1 C1,Done,,2026-04-03 12:10:51,2026-04-03 12:11:05,2026-04-03 12:17:04,2026-04-03 12:17:04,2026-04-03 12:18:56
WAR-050,Warfarin,Warfarin C1,Done,,2026-04-03 12:11:42,,,2026-04-03 12:14:03,2026-04-03 12:15:17
CON-051,Consultation,R1 C5,Done,,2026-04-03 12:14:38,2026-04-03 12:17:04,2026-04-03 12:18:01,2026-04-03 13:27:48,2026-04-03 13:54:48
CON-052,Consultation,R2 C5,Done,,2026-04-03 12:21:19,2026-04-03 12:21:19,2026-04-03 12:27:03,2026-04-03 13:54:48,2026-04-03 14:01:45
CON-053,Consultation,R4 C5,Done,,2026-04-03 12:22:43,2026-04-03 12:27:03,2026-04-03 12:27:22,2026-04-03 14:01:45,2026-04-03 14:06:36
CON-054,Consultation,R1 C3,Done,,2026-04-03 12:25:38,2026-04-03 12:27:22,2026-04-03 12:36:44,2026-04-03 14:06:36,2026-04-03 14:07:38
ECG-055,ECG,ECG R1,Done,,2026-04-03 12:25:49,,,2026-04-03 12:28:12,2026-04-03 12:40:05
OPD-056,OPD Card,Admin C1,Done,,2026-04-03 12:27:38,,,2026-04-03 12:29:28,2026-04-03 12:33:56
BEN-057,Benzathine,Benzathine C1,Done,,2026-04-03 12:28:56,,,2026-04-03 12:31:21,2026-04-03 12:34:45
CON-058,Consultation,R2 C2,Done,,2026-04-03 12:36:36,2026-04-03 12:36:44,2026-04-03 12:38:19,2026-04-03 14:07:38,2026-04-03 14:19:26
OPD-059,OPD Card,Admin C1,Done,,2026-04-03 13:01:09,,,2026-04-03 13:02:56,2026-04-03 13:07:13
ECG-060,ECG,ECG R1,Done,,2026-04-03 13:02:23,,,2026-04-03 13:03:53,2026-04-03 13:31:04
CON-061,Consultation,R1 C1,Done,,2026-04-03 13:10:13,2026-04-03 13:10:13,2026-04-03 13:13:06,2026-04-03 14:19:26,2026-04-03 14:19:36
OPD-062,OPD Reschedule,Reschedule C1,Done,,2026-04-03 13:10:20,,,2026-04-03 13:12:02,2026-04-03 13:14:30
BEN-063,Benzathine,Benzathine C1,Done,,2026-04-03 13:18:51,,,2026-04-03 13:20:46,2026-04-03 13:32:56
OPD-064,OPD Reschedule,Reschedule C1,Done,,2026-04-03 13:22:29,,,2026-04-03 13:25:03,2026-04-03 13:25:56
WAR-065,Warfarin,Warfarin C1,Done,,2026-04-03 13:25:19,,,2026-04-03 13:32:56,2026-04-03 13:42:41
OPD-066,OPD Card,Admin C1,Done,,2026-04-03 13:29:26,,,2026-04-03 13:31:04,2026-04-03 13:32:24
OPD-067,OPD Screening,R1 C2,Done,,2026-04-03 13:31:00,2026-04-03 13:31:00,2026-04-03 13:34:19,2026-04-03 13:34:19,2026-04-03 13:39:59
ECG-068,ECG,ECG R1,Done,,2026-04-03 13:35:47,,,2026-04-03 13:38:07,2026-04-03 13:56:11
CON-069,Consultation,R2 C2,Done,,2026-04-03 13:42:39,2026-04-03 13:42:39,2026-04-03 13:43:06,2026-04-03 14:19:36,2026-04-03 14:46:27
BEN-070,Benzathine,Benzathine C1,Done,,2026-04-03 13:48:26,,,2026-04-03 13:49:55,2026-04-03 13:51:43
ECG-071,ECG,ECG R1,Done,,2026-04-03 13:53:05,,,2026-04-03 13:56:11,2026-04-03 14:30:15
OPD-072,OPD Reschedule,Reschedule C1,Done,,2026-04-03 13:53:54,,,2026-04-03 13:56:40,2026-04-03 14:00:24
OPD-073,OPD Screening,R1 C1,Done,,2026-04-03 13:58:28,2026-04-03 13:58:28,2026-04-03 14:09:52,2026-04-03 14:09:52,2026-04-03 14:15:48
BEN-074,Benzathine,Benzathine C1,Done,,2026-04-03 14:11:54,,,2026-04-03 14:14:20,2026-04-03 14:21:52
CON-075,Consultation,R2 C2,Done,,2026-04-03 14:19:44,2026-04-03 14:19:44,2026-04-03 14:33:46,2026-04-03 14:46:27,2026-04-03 14:47:44
REF-076,Refill Prescription,Refill C1,Done,,2026-04-03 14:20:08,,,2026-04-03 14:22:10,2026-04-03 14:25:11
CON-077,Consultation,R1 C4,Done,,2026-04-03 14:46:12,2026-04-03 14:46:12,2026-04-03 14:47:52,2026-04-03 14:47:52,2026-04-03 14:50:36
ECG-078,ECG,ECG R1,Done,,2026-04-03 14:49:37,,,2026-04-03 14:50:42,2026-04-03 14:56:46
CON-079,Consultation,R3 C1,Done,,2026-04-03 14:51:42,2026-04-03 14:51:42,2026-04-03 14:54:09,2026-04-03 14:54:09,2026-04-03 15:00:39
CON-080,Consultation,R1 C4,Done,,2026-04-03 14:58:36,2026-04-03 14:58:36,2026-04-03 15:02:11,2026-04-03 15:02:11,2026-04-03 15:36:20
WAR-081,Warfarin,Warfarin C1,Done,,2026-04-03 15:03:17,,,2026-04-03 15:06:11,2026-04-03 15:15:09
BEN-082,Benzathine,Benzathine C1,Done,,2026-04-03 15:03:36,,,2026-04-03 15:15:09,2026-04-03 15:46:11
CON-083,Consultation,R1 C3,Done,,2026-04-03 15:17:05,2026-04-03 15:17:05,2026-04-03 15:26:01,2026-04-03 15:36:20,2026-04-03 15:55:14
OPD-084,OPD Reschedule,Reschedule C1,Done,,2026-04-03 15:22:53,,,2026-04-03 15:24:29,2026-04-03 15:29:59
CON-085,Consultation,R1 C4,Done,,2026-04-03 15:32:28,2026-04-03 15:32:28,2026-04-03 15:38:24,2026-04-03 15:55:14,2026-04-03 16:02:30
CON-086,Consultation,R2 C2,Done,,2026-04-03 15:40:40,2026-04-03 15:40:40,2026-04-03 15:41:12,2026-04-03 16:02:30,2026-04-03 16:09:01
CON-087,Consultation,R1 C5,Done,,2026-04-03 15:42:19,2026-04-03 15:42:19,2026-04-03 15:46:51,2026-04-03 16:09:01,2026-04-03 17:05:21
ECG-088,ECG,ECG R1,Done,,2026-04-03 15:45:13,,,2026-04-03 15:47:57,2026-04-03 15:51:19
CON-089,Consultation,R2 C1,Done,,2026-04-03 15:55:48,2026-04-03 15:55:48,2026-04-03 16:02:10,2026-04-03 17:05:21,2026-04-03 17:10:33
OPD-090,OPD Screening,R1 C3,Done,,2026-04-03 15:59:49,2026-04-03 16:02:10,2026-04-03 16:04:21,2026-04-03 16:04:21,2026-04-03 16:06:36
CON-091,Consultation,R4 C5,Done,,2026-04-03 16:09:23,2026-04-03 16:09:23,2026-04-03 16:10:47,2026-04-03 17:10:33,2026-04-03 17:21:35
CON-092,Consultation,R1 C5,Done,,2026-04-03 16:24:13,2026-04-03 16:24:13,2026-04-03 16:26:30,2026-04-03 17:21:35,2026-04-03 17:29:04
OPD-093,OPD Screening,R1 C2,Done,,2026-04-03 16:27:49,2026-04-03 16:27:49,2026-04-03 16:31:15,2026-04-03 16:31:15,2026-04-03 16:39:11
OPD-001,OPD Reschedule,Reschedule C1,Done,,2026-04-04 08:02:52,,,2026-04-04 08:05:00,2026-04-04 08:07:28
CON-002,Consultation,R2 C2,Done,,2026-04-04 08:16:31,2026-04-04 08:16:31,2026-04-04 08:16:34,2026-04-04 08:16:34,2026-04-04 08:33:55
CON-003,Consultation,R3 C5,Done,,2026-04-04 08:25:15,2026-04-04 08:25:15,2026-04-04 08:28:25,2026-04-04 08:33:55,2026-04-04 08:43:15
CON-004,Consultation,R4 C2,Done,,2026-04-04 08:46:09,2026-04-04 08:46:09,2026-04-04 08:48:17,2026-04-04 08:48:17,2026-04-04 08:59:51
CON-005,Consultation,R3 C1,Done,,2026-04-04 09:01:33,2026-04-04 09:01:33,2026-04-04 09:04:07,2026-04-04 09:04:07,2026-04-04 09:05:10
BEN-006,Benzathine,Benzathine C1,Done,,2026-04-04 09:07:55,,,2026-04-04 09:10:54,2026-04-04 09:23:20
WAR-007,Warfarin,Warfarin C1,Done,,2026-04-04 09:28:05,,,2026-04-04 09:29:22,2026-04-04 09:41:16
CON-008,Consultation,R1 C2,Done,,2026-04-04 09:35:38,2026-04-04 09:35:38,2026-04-04 09:35:57,2026-04-04 09:35:57,2026-04-04 09:37:52
CON-009,Consultation,R4 C2,Done,,2026-04-04 09:36:23,2026-04-04 09:36:23,2026-04-04 09:38:33,2026-04-04 09:38:33,2026-04-04 10:00:13
ECG-010,ECG,ECG R1,Done,,2026-04-04 09:41:12,,,2026-04-04 09:43:42,2026-04-04 09:58:10
OPD-011,OPD Card,Admin C1,Done,,2026-04-04 09:45:42,,,2026-04-04 09:47:43,2026-04-04 09:52:42
OPD-012,OPD Reschedule,Reschedule C1,Done,,2026-04-04 09:45:52,,,2026-04-04 09:52:42,2026-04-04 09:56:13
ECG-013,ECG,ECG R1,Done,,2026-04-04 09:47:04,,,2026-04-04 09:58:10,2026-04-04 10:26:45
CON-014,Consultation,R2 C4,Done,,2026-04-04 09:58:13,2026-04-04 09:58:13,2026-04-04 10:05:15,2026-04-04 10:05:15,2026-04-04 10:06:38
CON-015,Consultation,R2 C4,Done,,2026-04-04 10:00:18,2026-04-04 10:05:15,2026-04-04 10:06:05,2026-04-04 10:06:38,2026-04-04 10:08:12
OPD-016,OPD Card,Admin C1,Done,,2026-04-04 10:12:14,,,2026-04-04 10:13:57,2026-04-04 10:28:10
CON-017,Consultation,R2 C2,Done,,2026-04-04 10:16:43,2026-04-04 10:16:43,2026-04-04 10:25:34,2026-04-04 10:25:34,2026-04-04 10:42:17
ECG-018,ECG,ECG R1,Done,,2026-04-04 10:18:33,,,2026-04-04 10:26:45,2026-04-04 11:24:09
OPD-019,OPD Screening,R1 C3,Done,,2026-04-04 10:19:46,2026-04-04 10:25:34,2026-04-04 10:25:58,2026-04-04 10:25:58,2026-04-04 10:26:10
CON-020,Consultation,R2 C4,Done,,2026-04-04 10:19:51,2026-04-04 10:25:58,2026-04-04 10:33:56,2026-04-04 10:42:17,2026-04-04 11:01:12
OPD-021,OPD Screening,R1 C1,Done,,2026-04-04 10:27:20,2026-04-04 10:33:56,2026-04-04 10:35:25,2026-04-04 10:35:25,2026-04-04 10:40:36
CON-022,Consultation,R4 C4,Done,,2026-04-04 10:31:07,2026-04-04 10:35:25,2026-04-04 10:36:04,2026-04-04 11:01:12,2026-04-04 11:06:31
OPD-023,OPD Reschedule,Reschedule C1,Done,,2026-04-04 10:32:39,,,2026-04-04 10:34:49,2026-04-04 10:39:43
CON-024,Consultation,R3 C2,Done,,2026-04-04 10:44:11,2026-04-04 10:44:11,2026-04-04 10:50:15,2026-04-04 11:06:31,2026-04-04 11:09:33
OPD-025,OPD Card,Admin C1,Done,,2026-04-04 10:45:36,,,2026-04-04 10:48:28,2026-04-04 10:49:02
CON-026,Consultation,R4 C2,Done,,2026-04-04 10:49:01,2026-04-04 10:50:15,2026-04-04 10:52:20,2026-04-04 11:09:33,2026-04-04 11:18:59
CON-027,Consultation,R4 C2,Done,,2026-04-04 11:02:41,2026-04-04 11:02:41,2026-04-04 11:04:42,2026-04-04 11:18:59,2026-04-04 11:21:00
CON-028,Consultation,R3 C1,Done,,2026-04-04 11:11:41,2026-04-04 11:11:41,2026-04-04 11:12:49,2026-04-04 11:21:00,2026-04-04 11:27:20
CON-029,Consultation,R2 C5,Done,,2026-04-04 11:15:16,2026-04-04 11:15:16,2026-04-04 11:15:54,2026-04-04 11:27:20,2026-04-04 11:45:24
CON-030,Consultation,R4 C5,Done,,2026-04-04 11:15:55,2026-04-04 11:15:55,2026-04-04 11:18:04,2026-04-04 11:45:24,2026-04-04 12:16:45
CON-031,Consultation,R1 C2,Done,,2026-04-04 11:40:36,2026-04-04 11:40:36,2026-04-04 11:43:33,2026-04-04 12:16:45,2026-04-04 12:18:07
ECG-032,ECG,ECG R1,Done,,2026-04-04 11:45:05,,,2026-04-04 11:46:54,2026-04-04 11:59:10
OPD-033,OPD Card,Admin C1,Done,,2026-04-04 11:49:22,,,2026-04-04 11:50:55,2026-04-04 11:58:27
CON-034,Consultation,R2 C4,Done,,2026-04-04 11:53:11,2026-04-04 11:53:11,2026-04-04 11:53:20,2026-04-04 12:18:07,2026-04-04 12:18:38
CON-035,Consultation,R4 C3,Done,,2026-04-04 12:01:33,2026-04-04 12:01:33,2026-04-04 12:02:26,2026-04-04 12:18:38,2026-04-04 12:26:01
OPD-036,OPD Reschedule,Reschedule C1,Done,,2026-04-04 12:10:20,,,2026-04-04 12:11:57,2026-04-04 12:18:58
BEN-037,Benzathine,Benzathine C1,Done,,2026-04-04 12:12:33,,,2026-04-04 12:14:43,2026-04-04 12:24:42
CON-038,Consultation,R4 C5,Done,,2026-04-04 12:16:12,2026-04-04 12:16:12,2026-04-04 12:23:38,2026-04-04 12:26:01,2026-04-04 12:39:22
CON-039,Consultation,R1 C3,Done,,2026-04-04 12:18:06,2026-04-04 12:23:38,2026-04-04 12:23:47,2026-04-04 12:39:22,2026-04-04 12:53:00
CON-040,Consultation,R4 C4,Done,,2026-04-04 12:30:41,2026-04-04 12:30:41,2026-04-04 12:30:59,2026-04-04 12:53:00,2026-04-04 13:10:45
OPD-041,OPD Card,Admin C1,Done,,2026-04-04 12:32:25,,,2026-04-04 12:33:51,2026-04-04 12:36:08
CON-042,Consultation,R3 C5,Done,,2026-04-04 12:37:21,2026-04-04 12:37:21,2026-04-04 12:39:34,2026-04-04 13:10:45,2026-04-04 13:34:18
CON-043,Consultation,R1 C2,Done,,2026-04-04 12:41:25,2026-04-04 12:41:25,2026-04-04 12:44:27,2026-04-04 13:34:18,2026-04-04 13:50:27
CON-044,Consultation,R4 C5,Done,,2026-04-04 12:46:46,2026-04-04 12:46:46,2026-04-04 12:48:15,2026-04-04 13:50:27,2026-04-04 13:59:36
BEN-045,Benzathine,Benzathine C1,Done,,2026-04-04 12:47:23,,,2026-04-04 12:49:30,2026-04-04 13:01:58
CON-046,Consultation,R3 C3,Done,,2026-04-04 12:47:31,2026-04-04 12:48:15,2026-04-04 12:48:34,2026-04-04 13:59:36,2026-04-04 14:11:11
WAR-047,Warfarin,Warfarin C1,Done,,2026-04-04 12:48:56,,,2026-04-04 13:01:58,2026-04-04 13:04:08
CON-048,Consultation,R2 C1,Done,,2026-04-04 13:01:33,2026-04-04 13:01:33,2026-04-04 13:03:41,2026-04-04 14:11:11,2026-04-04 14:20:23
OPD-049,OPD Card,Admin C1,Done,,2026-04-04 13:01:50,,,2026-04-04 13:04:03,2026-04-04 13:06:33
CON-050,Consultation,R3 C3,Done,,2026-04-04 13:14:45,2026-04-04 13:14:45,2026-04-04 13:26:53,2026-04-04 14:20:23,2026-04-04 14:21:03
WAR-051,Warfarin,Warfarin C1,Done,,2026-04-04 13:18:52,,,2026-04-04 13:21:41,2026-04-04 13:32:30
CON-052,Consultation,R4 C3,Done,,2026-04-04 13:30:23,2026-04-04 13:30:23,2026-04-04 13:34:20,2026-04-04 14:21:03,2026-04-04 14:34:54
OPD-053,OPD Screening,R1 C3,Done,,2026-04-04 13:33:59,2026-04-04 13:34:20,2026-04-04 13:43:25,2026-04-04 13:43:25,2026-04-04 13:49:34
CON-054,Consultation,R3 C4,Done,,2026-04-04 13:35:15,2026-04-04 13:43:25,2026-04-04 13:46:55,2026-04-04 14:34:54,2026-04-04 14:35:04
WAR-055,Warfarin,Warfarin C1,Done,,2026-04-04 13:43:25,,,2026-04-04 13:46:25,2026-04-04 14:00:34
OPD-056,OPD Card,Admin C1,Done,,2026-04-04 13:45:21,,,2026-04-04 13:47:55,2026-04-04 13:58:14
ECG-057,ECG,ECG R1,Done,,2026-04-04 13:46:42,,,2026-04-04 13:47:50,2026-04-04 14:12:28
WAR-058,Warfarin,Warfarin C1,Done,,2026-04-04 13:47:33,,,2026-04-04 14:00:34,2026-04-04 14:03:04
WAR-059,Warfarin,Warfarin C1,Done,,2026-04-04 13:49:49,,,2026-04-04 14:03:04,2026-04-04 14:28:08
CON-060,Consultation,R2 C3,Done,,2026-04-04 13:52:47,2026-04-04 13:52:47,2026-04-04 13:53:59,2026-04-04 14:35:04,2026-04-04 15:03:37
REF-061,Refill Prescription,Refill C1,Done,,2026-04-04 13:55:54,,,2026-04-04 13:58:14,2026-04-04 14:01:30
WAR-062,Warfarin,Warfarin C1,Done,,2026-04-04 13:57:27,,,2026-04-04 14:28:08,2026-04-04 14:46:29
CON-063,Consultation,R3 C3,Done,,2026-04-04 14:05:44,2026-04-04 14:05:44,2026-04-04 14:05:59,2026-04-04 15:03:37,2026-04-04 15:27:26
CON-064,Consultation,R2 C3,Done,,2026-04-04 14:10:27,2026-04-04 14:10:27,2026-04-04 14:11:44,2026-04-04 15:27:26,2026-04-04 15:39:04
CON-065,Consultation,R4 C2,Done,,2026-04-04 14:16:10,2026-04-04 14:16:10,2026-04-04 14:18:00,2026-04-04 15:39:04,2026-04-04 15:50:03
CON-066,Consultation,R2 C4,Done,,2026-04-04 14:19:54,2026-04-04 14:19:54,2026-04-04 14:20:47,2026-04-04 15:50:03,2026-04-04 15:59:59
CON-067,Consultation,R1 C3,Done,,2026-04-04 14:31:32,2026-04-04 14:31:32,2026-04-04 14:33:47,2026-04-04 15:59:59,2026-04-04 16:18:10
CON-068,Consultation,R4 C4,Done,,2026-04-04 14:31:41,2026-04-04 14:33:47,2026-04-04 14:38:00,2026-04-04 16:18:10,2026-04-04 16:59:05
OPD-069,OPD Reschedule,Reschedule C1,Done,,2026-04-04 14:42:03,,,2026-04-04 14:44:49,2026-04-04 14:59:14
OPD-070,OPD Card,Admin C1,Done,,2026-04-04 14:43:16,,,2026-04-04 14:59:14,2026-04-04 15:07:04
CON-071,Consultation,R3 C1,Done,,2026-04-04 15:06:24,2026-04-04 15:06:24,2026-04-04 15:12:54,2026-04-04 16:59:05,2026-04-04 17:03:04
CON-072,Consultation,R4 C2,Done,,2026-04-04 15:16:39,2026-04-04 15:16:39,2026-04-04 15:18:25,2026-04-04 17:03:04,2026-04-04 17:12:16
ECG-073,ECG,ECG R1,Done,,2026-04-04 15:17:52,,,2026-04-04 15:20:24,2026-04-04 15:27:45
BEN-001,Benzathine,Benzathine C1,Done,,2026-04-06 08:07:08,,,2026-04-06 08:08:14,2026-04-06 08:26:00
CON-002,Consultation,R1 C5,Done,,2026-04-06 08:11:33,2026-04-06 08:11:33,2026-04-06 08:13:12,2026-04-06 08:13:12,2026-04-06 08:15:17
OPD-003,OPD Reschedule,Reschedule C1,Done,,2026-04-06 08:17:26,,,2026-04-06 08:18:32,2026-04-06 08:19:32
CON-004,Consultation,R2 C5,Done,,2026-04-06 08:19:31,2026-04-06 08:19:31,2026-04-06 08:24:11,2026-04-06 08:24:11,2026-04-06 08:34:15
OPD-005,OPD Card,Admin C1,Done,,2026-04-06 08:20:10,,,2026-04-06 08:21:18,2026-04-06 08:23:55
CON-006,Consultation,R2 C3,Done,,2026-04-06 08:21:46,2026-04-06 08:24:11,2026-04-06 08:27:35,2026-04-06 08:34:15,2026-04-06 08:40:11
WAR-007,Warfarin,Warfarin C1,Done,,2026-04-06 08:33:38,,,2026-04-06 08:34:42,2026-04-06 08:45:31
CON-008,Consultation,R3 C2,Done,,2026-04-06 08:42:54,2026-04-06 08:42:54,2026-04-06 08:45:10,2026-04-06 08:45:10,2026-04-06 08:49:28
BEN-009,Benzathine,Benzathine C1,Done,,2026-04-06 08:46:18,,,2026-04-06 08:47:33,2026-04-06 08:48:40
REF-010,Refill Prescription,Refill C1,Done,,2026-04-06 08:47:03,,,2026-04-06 08:48:41,2026-04-06 08:52:04
ECG-011,ECG,ECG R1,Done,,2026-04-06 08:49:26,,,2026-04-06 08:50:48,2026-04-06 08:52:16
CON-012,Consultation,R4 C2,Done,,2026-04-06 09:00:35,2026-04-06 09:00:35,2026-04-06 09:12:29,2026-04-06 09:12:29,2026-04-06 09:34:04
WAR-013,Warfarin,Warfarin C1,Done,,2026-04-06 09:04:10,,,2026-04-06 09:06:47,2026-04-06 09:18:28
CON-014,Consultation,R3 C2,Done,,2026-04-06 09:08:32,2026-04-06 09:12:29,2026-04-06 09:13:30,2026-04-06 09:34:04,2026-04-06 09:46:49
OPD-015,OPD Card,Admin C1,Done,,2026-04-06 09:14:21,,,2026-04-06 09:16:13,2026-04-06 09:33:54
CON-016,Consultation,R2 C1,Done,,2026-04-06 09:16:12,2026-04-06 09:16:12,2026-04-06 09:17:16,2026-04-06 09:46:49,2026-04-06 09:49:10
WAR-017,Warfarin,Warfarin C1,Done,,2026-04-06 09:20:32,,,2026-04-06 09:21:47,2026-04-06 09:43:07
CON-018,Consultation,R2 C3,Done,,2026-04-06 09:31:30,2026-04-06 09:31:30,2026-04-06 09:36:18,2026-04-06 09:49:10,2026-04-06 10:00:04
CON-019,Consultation,R3 C3,Done,,2026-04-06 09:34:33,2026-04-06 09:36:18,2026-04-06 09:36:54,2026-04-06 10:00:04,2026-04-06 10:48:36
OPD-020,OPD Card,Admin C1,Done,,2026-04-06 09:35:07,,,2026-04-06 09:37:59,2026-04-06 09:42:54
CON-021,Consultation,R3 C1,Done,,2026-04-06 09:35:49,2026-04-06 09:36:54,2026-04-06 09:37:23,2026-04-06 10:48:36,2026-04-06 10:59:43
ECG-022,ECG,ECG R1,Done,,2026-04-06 09:45:16,,,2026-04-06 09:46:35,2026-04-06 09:58:18
OPD-023,OPD Reschedule,Reschedule C1,Done,,2026-04-06 09:47:41,,,2026-04-06 09:49:35,2026-04-06 09:51:29
OPD-024,OPD Card,Admin C1,Done,,2026-04-06 09:51:43,,,2026-04-06 09:53:49,2026-04-06 09:57:51
CON-025,Consultation,R3 C1,Done,,2026-04-06 09:52:52,2026-04-06 09:52:52,2026-04-06 09:54:25,2026-04-06 10:59:43,2026-04-06 11:08:52
OPD-026,OPD Screening,R1 C3,Done,,2026-04-06 09:53:14,2026-04-06 09:54:25,2026-04-06 10:03:44,2026-04-06 10:03:44,2026-04-06 10:22:45
OPD-027,OPD Reschedule,Reschedule C1,Done,,2026-04-06 09:58:44,,,2026-04-06 10:00:48,2026-04-06 10:02:17
OPD-028,OPD Screening,R1 C2,Done,,2026-04-06 10:04:06,2026-04-06 10:04:06,2026-04-06 10:04:59,2026-04-06 10:22:45,2026-04-06 10:23:24
CON-029,Consultation,R3 C5,Done,,2026-04-06 10:05:15,2026-04-06 10:05:15,2026-04-06 10:13:15,2026-04-06 11:08:52,2026-04-06 11:46:13
OPD-030,OPD Screening,R1 C1,Done,,2026-04-06 10:16:46,2026-04-06 10:16:46,2026-04-06 10:17:03,2026-04-06 10:23:24,2026-04-06 10:26:34
CON-031,Consultation,R2 C4,Done,,2026-04-06 10:21:19,2026-04-06 10:21:19,2026-04-06 10:21:31,2026-04-06 11:46:13,2026-04-06 12:22:18
REF-032,Refill Prescription,Refill C1,Done,,2026-04-06 10:33:17,,,2026-04-06 10:34:37,2026-04-06 10:38:22
CON-033,Consultation,R2 C1,Done,,2026-04-06 10:36:21,2026-04-06 10:36:21,2026-04-06 10:38:57,2026-04-06 12:22:18,2026-04-06 12:24:38
OPD-034,OPD Screening,R1 C1,Done,,2026-04-06 10:41:54,2026-04-06 10:41:54,2026-04-06 10:43:31,2026-04-06 10:43:31,2026-04-06 10:53:52
OPD-035,OPD Screening,R1 C3,Done,,2026-04-06 10:42:11,2026-04-06 10:43:31,2026-04-06 10:44:38,2026-04-06 10:53:52,2026-04-06 11:01:17
OPD-036,OPD Screening,R1 C2,Done,,2026-04-06 10:44:54,2026-04-06 10:44:54,2026-04-06 10:49:24,2026-04-06 11:01:17,2026-04-06 11:03:15
ECG-037,ECG,ECG R1,Done,,2026-04-06 10:50:49,,,2026-04-06 10:52:47,2026-04-06 11:01:06
OPD-038,OPD Card,Admin C1,Done,,2026-04-06 10:55:24,,,2026-04-06 10:57:51,2026-04-06 11:09:05
OPD-039,OPD Screening,R1 C3,Done,,2026-04-06 11:03:15,2026-04-06 11:03:15,2026-04-06 11:13:06,2026-04-06 11:13:06,2026-04-06 11:13:33
CON-040,Consultation,R2 C5,Done,,2026-04-06 11:04:37,2026-04-06 11:13:06,2026-04-06 11:13:17,2026-04-06 12:24:38,2026-04-06 12:29:41
WAR-041,Warfarin,Warfarin C1,Done,,2026-04-06 11:04:57,,,2026-04-06 11:07:02,2026-04-06 11:25:08
CON-042,Consultation,R2 C4,Done,,2026-04-06 11:14:03,2026-04-06 11:14:03,2026-04-06 11:15:38,2026-04-06 12:29:41,2026-04-06 12:37:09
OPD-043,OPD Screening,R1 C3,Done,,2026-04-06 11:25:33,2026-04-06 11:25:33,2026-04-06 11:26:19,2026-04-06 11:26:19,2026-04-06 11:32:20
OPD-044,OPD Card,Admin C1,Done,,2026-04-06 11:35:42,,,2026-04-06 11:38:26,2026-04-06 11:38:46
CON-045,Consultation,R1 C4,Done,,2026-04-06 11:39:16,2026-04-06 11:39:16,2026-04-06 11:42:06,2026-04-06 12:37:09,2026-04-06 12:41:40
REF-046,Refill Prescription,Refill C1,Done,,2026-04-06 11:43:20,,,2026-04-06 11:44:32,2026-04-06 11:44:55
OPD-047,OPD Screening,R1 C1,Done,,2026-04-06 11:44:49,2026-04-06 11:44:49,2026-04-06 11:45:21,2026-04-06 11:45:21,2026-04-06 11:52:11
CON-048,Consultation,R1 C1,Done,,2026-04-06 11:48:56,2026-04-06 11:48:56,2026-04-06 11:49:48,2026-04-06 12:41:40,2026-04-06 12:43:22
CON-049,Consultation,R1 C5,Done,,2026-04-06 11:56:20,2026-04-06 11:56:20,2026-04-06 11:58:04,2026-04-06 12:43:22,2026-04-06 13:03:03
CON-050,Consultation,R1 C2,Done,,2026-04-06 12:06:25,2026-04-06 12:06:25,2026-04-06 12:06:46,2026-04-06 13:03:03,2026-04-06 13:11:59
CON-051,Consultation,R2 C2,Done,,2026-04-06 12:15:43,2026-04-06 12:15:43,2026-04-06 12:18:51,2026-04-06 13:11:59,2026-04-06 13:13:09
WAR-052,Warfarin,Warfarin C1,Done,,2026-04-06 12:19:21,,,2026-04-06 12:21:40,2026-04-06 12:22:41
CON-053,Consultation,R4 C2,Done,,2026-04-06 12:30:36,2026-04-06 12:30:36,2026-04-06 12:31:12,2026-04-06 13:13:09,2026-04-06 13:26:14
CON-054,Consultation,R2 C1,Done,,2026-04-06 12:32:56,2026-04-06 12:32:56,2026-04-06 12:33:16,2026-04-06 13:26:14,2026-04-06 13:30:17
BEN-055,Benzathine,Benzathine C1,Done,,2026-04-06 12:34:33,,,2026-04-06 12:37:18,2026-04-06 12:46:26
WAR-056,Warfarin,Warfarin C1,Done,,2026-04-06 12:35:20,,,2026-04-06 12:46:26,2026-04-06 13:10:44
WAR-057,Warfarin,Warfarin C1,Done,,2026-04-06 12:36:54,,,2026-04-06 13:10:44,2026-04-06 13:11:58
CON-058,Consultation,R1 C1,Done,,2026-04-06 12:43:09,2026-04-06 12:43:09,2026-04-06 12:44:21,2026-04-06 13:30:17,2026-04-06 13:47:53
CON-059,Consultation,R4 C4,Done,,2026-04-06 12:48:03,2026-04-06 12:48:03,2026-04-06 12:48:30,2026-04-06 13:47:53,2026-04-06 14:05:57
OPD-060,OPD Card,Admin C1,Done,,2026-04-06 12:58:13,,,2026-04-06 12:59:58,2026-04-06 13:03:14
OPD-061,OPD Card,Admin C1,Done,,2026-04-06 13:01:04,,,2026-04-06 13:03:14,2026-04-06 13:12:34
CON-062,Consultation,R1 C4,Done,,2026-04-06 13:04:45,2026-04-06 13:04:45,2026-04-06 13:05:44,2026-04-06 14:05:57,2026-04-06 14:09:15
ECG-063,ECG,ECG R1,Done,,2026-04-06 13:07:11,,,2026-04-06 13:08:55,2026-04-06 14:15:54
CON-064,Consultation,R1 C1,Done,,2026-04-06 13:13:02,2026-04-06 13:13:02,2026-04-06 13:14:21,2026-04-06 14:09:15,2026-04-06 14:27:33
WAR-065,Warfarin,Warfarin C1,Done,,2026-04-06 13:15:50,,,2026-04-06 13:17:13,2026-04-06 13:19:16
CON-066,Consultation,R4 C2,Done,,2026-04-06 13:23:27,2026-04-06 13:23:27,2026-04-06 13:23:37,2026-04-06 14:27:33,2026-04-06 14:53:07
OPD-067,OPD Card,Admin C1,Done,,2026-04-06 13:32:14,,,2026-04-06 13:33:39,2026-04-06 13:34:44
OPD-068,OPD Card,Admin C1,Done,,2026-04-06 13:43:11,,,2026-04-06 13:45:40,2026-04-06 13:51:40
OPD-069,OPD Reschedule,Reschedule C1,Done,,2026-04-06 13:47:49,,,2026-04-06 13:51:40,2026-04-06 13:55:40
WAR-070,Warfarin,Warfarin C1,Done,,2026-04-06 13:52:15,,,2026-04-06 13:53:35,2026-04-06 14:13:28
CON-071,Consultation,R1 C3,Done,,2026-04-06 14:04:09,2026-04-06 14:04:09,2026-04-06 14:04:46,2026-04-06 14:53:07,2026-04-06 14:54:20
REF-072,Refill Prescription,Refill C1,Done,,2026-04-06 14:04:12,,,2026-04-06 14:05:16,2026-04-06 14:05:34
OPD-073,OPD Card,Admin C1,Done,,2026-04-06 14:06:45,,,2026-04-06 14:08:56,2026-04-06 14:09:30
WAR-074,Warfarin,Warfarin C1,Done,,2026-04-06 14:22:32,,,2026-04-06 14:25:10,2026-04-06 14:26:30
OPD-075,OPD Screening,R1 C1,Done,,2026-04-06 14:26:21,2026-04-06 14:26:21,2026-04-06 14:27:43,2026-04-06 14:27:43,2026-04-06 14:45:52
CON-001,Consultation,R1 C2,Done,,2026-04-07 08:04:45,2026-04-07 08:04:45,2026-04-07 08:06:43,2026-04-07 08:06:43,2026-04-07 08:09:01
OPD-002,OPD Reschedule,Reschedule C1,Done,,2026-04-07 08:07:13,,,2026-04-07 08:08:29,2026-04-07 08:11:02
CON-003,Consultation,R1 C3,Done,,2026-04-07 08:10:55,2026-04-07 08:10:55,2026-04-07 08:21:04,2026-04-07 08:21:04,2026-04-07 08:58:36
WAR-004,Warfarin,Warfarin C1,Done,,2026-04-07 08:18:12,,,2026-04-07 08:19:20,2026-04-07 08:21:17
CON-005,Consultation,R2 C2,Done,,2026-04-07 08:21:17,2026-04-07 08:21:17,2026-04-07 08:24:52,2026-04-07 08:58:36,2026-04-07 09:18:15
WAR-006,Warfarin,Warfarin C1,Done,,2026-04-07 08:24:50,,,2026-04-07 08:26:26,2026-04-07 09:07:35
OPD-007,OPD Reschedule,Reschedule C1,Done,,2026-04-07 08:41:52,,,2026-04-07 08:42:55,2026-04-07 08:45:21
CON-008,Consultation,R4 C5,Done,,2026-04-07 08:45:29,2026-04-07 08:45:29,2026-04-07 08:53:46,2026-04-07 09:18:15,2026-04-07 09:26:27
CON-009,Consultation,R2 C5,Done,,2026-04-07 08:49:05,2026-04-07 08:53:46,2026-04-07 08:54:27,2026-04-07 09:26:27,2026-04-07 09:46:04
CON-010,Consultation,R4 C5,Done,,2026-04-07 08:54:55,2026-04-07 08:54:55,2026-04-07 08:56:19,2026-04-07 09:46:04,2026-04-07 10:12:12
CON-011,Consultation,R2 C1,Done,,2026-04-07 08:55:39,2026-04-07 08:56:19,2026-04-07 08:57:45,2026-04-07 10:12:12,2026-04-07 10:57:10
ECG-012,ECG,ECG R1,Done,,2026-04-07 09:00:18,,,2026-04-07 09:01:47,2026-04-07 09:55:52
CON-013,Consultation,R4 C2,Done,,2026-04-07 09:00:52,2026-04-07 09:00:52,2026-04-07 09:02:17,2026-04-07 10:57:10,2026-04-07 11:06:56
REF-014,Refill Prescription,Refill C1,Done,,2026-04-07 09:03:58,,,2026-04-07 09:05:51,2026-04-07 09:07:18
CON-015,Consultation,R2 C4,Done,,2026-04-07 09:05:57,2026-04-07 09:05:57,2026-04-07 09:06:42,2026-04-07 11:06:56,2026-04-07 11:10:13
BEN-016,Benzathine,Benzathine C1,Done,,2026-04-07 09:09:14,,,2026-04-07 09:11:22,2026-04-07 09:21:09
WAR-017,Warfarin,Warfarin C1,Done,,2026-04-07 09:10:09,,,2026-04-07 09:21:09,2026-04-07 09:28:51
OPD-018,OPD Card,Admin C1,Done,,2026-04-07 09:14:20,,,2026-04-07 09:16:43,2026-04-07 09:17:47
OPD-019,OPD Reschedule,Reschedule C1,Done,,2026-04-07 09:17:17,,,2026-04-07 09:19:07,2026-04-07 09:38:00
CON-020,Consultation,R1 C3,Done,,2026-04-07 09:25:20,2026-04-07 09:25:20,2026-04-07 09:26:05,2026-04-07 11:10:13,2026-04-07 11:13:21
CON-021,Consultation,R4 C2,Done,,2026-04-07 09:26:35,2026-04-07 09:26:35,2026-04-07 09:33:13,2026-04-07 11:13:21,2026-04-07 11:30:19
CON-022,Consultation,R4 C1,Done,,2026-04-07 09:32:52,2026-04-07 09:33:13,2026-04-07 09:35:59,2026-04-07 11:30:19,2026-04-07 11:34:46
OPD-023,OPD Card,Admin C1,Done,,2026-04-07 09:38:06,,,2026-04-07 09:39:42,2026-04-07 09:40:46
OPD-024,OPD Card,Admin C1,Done,,2026-04-07 09:39:12,,,2026-04-07 09:41:17,2026-04-07 09:47:55
OPD-025,OPD Screening,R1 C2,Done,,2026-04-07 09:51:41,2026-04-07 09:51:41,2026-04-07 09:51:58,2026-04-07 09:51:58,2026-04-07 10:18:38
OPD-026,OPD Card,Admin C1,Done,,2026-04-07 09:53:52,,,2026-04-07 09:55:55,2026-04-07 09:57:39
ECG-027,ECG,ECG R1,Done,,2026-04-07 09:59:47,,,2026-04-07 10:01:37,2026-04-07 10:11:26
ECG-028,ECG,ECG R1,Done,,2026-04-07 10:02:58,,,2026-04-07 10:11:26,2026-04-07 10:12:50
CON-029,Consultation,R3 C4,Done,,2026-04-07 10:17:58,2026-04-07 10:17:58,2026-04-07 10:20:25,2026-04-07 11:34:46,2026-04-07 11:59:22
WAR-030,Warfarin,Warfarin C1,Done,,2026-04-07 10:27:56,,,2026-04-07 10:30:55,2026-04-07 10:38:55
REF-031,Refill Prescription,Refill C1,Done,,2026-04-07 10:29:57,,,2026-04-07 10:31:08,2026-04-07 10:46:20
CON-032,Consultation,R1 C3,Done,,2026-04-07 10:31:48,2026-04-07 10:31:48,2026-04-07 10:35:07,2026-04-07 11:59:22,2026-04-07 12:08:53
CON-033,Consultation,R4 C4,Done,,2026-04-07 10:34:59,2026-04-07 10:35:07,2026-04-07 10:43:35,2026-04-07 12:08:53,2026-04-07 12:23:47
CON-034,Consultation,R2 C4,Done,,2026-04-07 10:41:26,2026-04-07 10:43:35,2026-04-07 10:44:34,2026-04-07 12:23:47,2026-04-07 13:28:22
CON-035,Consultation,R2 C3,Done,,2026-04-07 10:42:01,2026-04-07 10:44:34,2026-04-07 10:47:12,2026-04-07 13:28:22,2026-04-07 13:42:35
CON-036,Consultation,R2 C2,Done,,2026-04-07 10:45:47,2026-04-07 10:47:12,2026-04-07 10:54:26,2026-04-07 13:42:35,2026-04-07 14:05:59
OPD-037,OPD Screening,R1 C2,Done,,2026-04-07 10:56:30,2026-04-07 10:56:30,2026-04-07 10:56:42,2026-04-07 10:56:42,2026-04-07 10:59:04
REF-038,Refill Prescription,Refill C1,Done,,2026-04-07 10:59:11,,,2026-04-07 11:00:24,2026-04-07 11:08:48
CON-039,Consultation,R1 C5,Done,,2026-04-07 11:02:01,2026-04-07 11:02:01,2026-04-07 11:03:56,2026-04-07 14:05:59,2026-04-07 14:37:11
OPD-040,OPD Card,Admin C1,Done,,2026-04-07 11:03:57,,,2026-04-07 11:08:48,2026-04-07 11:11:53
BEN-041,Benzathine,Benzathine C1,Done,,2026-04-07 11:05:49,,,2026-04-07 11:07:41,2026-04-07 11:43:03
OPD-042,OPD Reschedule,Reschedule C1,Done,,2026-04-07 11:05:52,,,2026-04-07 11:11:53,2026-04-07 11:19:03
WAR-043,Warfarin,Warfarin C1,Done,,2026-04-07 11:10:57,,,2026-04-07 11:43:03,2026-04-07 11:59:45
CON-044,Consultation,R4 C2,Done,,2026-04-07 11:14:56,2026-04-07 11:14:56,2026-04-07 11:15:52,2026-04-07 14:37:11,2026-04-07 14:39:54
CON-045,Consultation,R3 C4,Done,,2026-04-07 11:17:12,2026-04-07 11:17:12,2026-04-07 11:17:34,2026-04-07 14:39:54,2026-04-07 14:50:27
CON-046,Consultation,R1 C3,Done,,2026-04-07 11:26:10,2026-04-07 11:26:10,2026-04-07 11:29:48,2026-04-07 14:50:27,2026-04-07 14:58:25
OPD-047,OPD Card,Admin C1,Done,,2026-04-07 11:29:24,,,2026-04-07 11:31:44,2026-04-07 11:34:26
OPD-048,OPD Card,Admin C1,Done,,2026-04-07 11:29:36,,,2026-04-07 11:34:26,2026-04-07 11:36:26
OPD-049,OPD Card,Admin C1,Done,,2026-04-07 11:30:08,,,2026-04-07 11:36:26,2026-04-07 11:39:06
CON-050,Consultation,R2 C2,Done,,2026-04-07 11:32:50,2026-04-07 11:32:50,2026-04-07 11:34:44,2026-04-07 14:58:25,2026-04-07 15:00:01
WAR-051,Warfarin,Warfarin C1,Done,,2026-04-07 11:42:59,,,2026-04-07 11:59:45,2026-04-07 12:07:14
OPD-052,OPD Reschedule,Reschedule C1,Done,,2026-04-07 11:49:44,,,2026-04-07 11:51:56,2026-04-07 11:52:44
WAR-053,Warfarin,Warfarin C1,Done,,2026-04-07 11:55:05,,,2026-04-07 12:07:14,2026-04-07 12:07:38
WAR-054,Warfarin,Warfarin C1,Done,,2026-04-07 12:03:52,,,2026-04-07 12:07:38,2026-04-07 12:10:47
OPD-055,OPD Card,Admin C1,Done,,2026-04-07 12:20:49,,,2026-04-07 12:22:04,2026-04-07 12:29:40
ECG-056,ECG,ECG R1,Done,,2026-04-07 12:23:22,,,2026-04-07 12:25:14,2026-04-07 12:43:34
OPD-057,OPD Reschedule,Reschedule C1,Done,,2026-04-07 12:23:36,,,2026-04-07 12:29:40,2026-04-07 12:32:27
OPD-058,OPD Screening,R1 C1,Done,,2026-04-07 12:24:58,2026-04-07 12:24:58,2026-04-07 12:26:19,2026-04-07 12:26:19,2026-04-07 12:28:59
CON-059,Consultation,R4 C4,Done,,2026-04-07 12:27:28,2026-04-07 12:27:28,2026-04-07 12:31:56,2026-04-07 15:00:01,2026-04-07 16:00:55
CON-060,Consultation,R2 C1,Done,,2026-04-07 12:36:20,2026-04-07 12:36:20,2026-04-07 12:40:28,2026-04-07 16:00:55,2026-04-07 16:40:41
CON-061,Consultation,R2 C2,Done,,2026-04-07 12:39:04,2026-04-07 12:40:28,2026-04-07 12:49:29,2026-04-07 16:40:41,2026-04-07 17:00:25
WAR-062,Warfarin,Warfarin C1,Done,,2026-04-07 12:41:38,,,2026-04-07 12:44:06,2026-04-07 12:48:32
CON-063,Consultation,R4 C5,Done,,2026-04-07 12:45:21,2026-04-07 12:49:29,2026-04-07 12:50:55,2026-04-07 17:00:25,2026-04-07 17:34:51
REF-064,Refill Prescription,Refill C1,Done,,2026-04-07 12:51:49,,,2026-04-07 12:54:22,2026-04-07 13:06:36
WAR-065,Warfarin,Warfarin C1,Done,,2026-04-07 12:56:01,,,2026-04-07 12:57:48,2026-04-07 12:57:51
CON-066,Consultation,R4 C4,Done,,2026-04-07 13:05:31,2026-04-07 13:05:31,2026-04-07 13:11:39,2026-04-07 17:34:51,2026-04-07 17:43:57
OPD-067,OPD Card,Admin C1,Done,,2026-04-07 13:05:58,,,2026-04-07 13:08:24,2026-04-07 13:20:02
OPD-068,OPD Screening,R1 C2,Done,,2026-04-07 13:13:02,2026-04-07 13:13:02,2026-04-07 13:15:53,2026-04-07 13:15:53,2026-04-07 13:22:37
CON-069,Consultation,R4 C1,Done,,2026-04-07 13:21:57,2026-04-07 13:21:57,2026-04-07 13:23:13,2026-04-07 17:43:57,2026-04-07 17:52:44
OPD-070,OPD Screening,R1 C1,Done,,2026-04-07 13:24:08,2026-04-07 13:24:08,2026-04-07 13:27:05,2026-04-07 13:27:05,2026-04-07 13:28:53
CON-071,Consultation,R1 C2,Done,,2026-04-07 13:25:54,2026-04-07 13:27:05,2026-04-07 13:31:59,2026-04-07 17:52:44,2026-04-07 17:53:13
CON-072,Consultation,R2 C1,Done,,2026-04-07 13:30:06,2026-04-07 13:31:59,2026-04-07 13:33:39,2026-04-07 17:53:13,2026-04-07 18:03:10
WAR-073,Warfarin,Warfarin C1,Done,,2026-04-07 13:30:22,,,2026-04-07 13:32:35,2026-04-07 13:36:13
CON-074,Consultation,R3 C4,Done,,2026-04-07 13:35:58,2026-04-07 13:35:58,2026-04-07 13:43:25,2026-04-07 18:03:10,2026-04-07 18:19:55
BEN-075,Benzathine,Benzathine C1,Done,,2026-04-07 13:37:03,,,2026-04-07 13:39:45,2026-04-07 13:46:09
BEN-076,Benzathine,Benzathine C1,Done,,2026-04-07 13:37:37,,,2026-04-07 13:46:09,2026-04-07 14:01:58
CON-077,Consultation,R3 C4,Done,,2026-04-07 13:38:17,2026-04-07 13:43:25,2026-04-07 13:44:50,2026-04-07 18:19:55,2026-04-07 18:45:10
CON-078,Consultation,R2 C3,Done,,2026-04-07 13:47:22,2026-04-07 13:47:22,2026-04-07 13:50:15,2026-04-07 18:45:10,2026-04-07 18:59:41
REF-079,Refill Prescription,Refill C1,Done,,2026-04-07 14:00:02,,,2026-04-07 14:02:16,2026-04-07 14:02:17
OPD-001,OPD Screening,R1 C3,Done,,2026-04-08 08:02:08,2026-04-08 08:02:08,2026-04-08 08:02:42,2026-04-08 08:02:42,2026-04-08 08:06:36
CON-002,Consultation,R3 C5,Done,,2026-04-08 08:09:57,2026-04-08 08:09:57,2026-04-08 08:10:40,2026-04-08 08:10:40,2026-04-08 08:25:09
CON-003,Consultation,R2 C2,Done,,2026-04-08 08:17:02,2026-04-08 08:17:02,2026-04-08 08:19:08,2026-04-08 08:25:09,2026-04-08 08:43:24
OPD-004,OPD Card,Admin C1,Done,,2026-04-08 08:24:00,,,2026-04-08 08:25:36,2026-04-08 08:37:17
CON-005,Consultation,R4 C3,Done,,2026-04-08 08:24:05,2026-04-08 08:24:05,2026-04-08 08:29:38,2026-04-08 08:43:24,2026-04-08 09:40:56
CON-006,Consultation,R2 C5,Done,,2026-04-08 08:32:18,2026-04-08 08:32:18,2026-04-08 08:38:13,2026-04-08 09:40:56,2026-04-08 09:50:12
BEN-007,Benzathine,Benzathine C1,Done,,2026-04-08 08:39:06,,,2026-04-08 08:40:47,2026-04-08 09:04:33
CON-008,Consultation,R2 C1,Done,,2026-04-08 08:42:17,2026-04-08 08:42:17,2026-04-08 08:44:01,2026-04-08 09:50:12,2026-04-08 09:57:33
OPD-009,OPD Card,Admin C1,Done,,2026-04-08 08:44:22,,,2026-04-08 08:46:43,2026-04-08 08:49:28
CON-010,Consultation,R2 C5,Done,,2026-04-08 09:06:01,2026-04-08 09:06:01,2026-04-08 09:06:45,2026-04-08 09:57:33,2026-04-08 10:07:51
OPD-011,OPD Reschedule,Reschedule C1,Done,,2026-04-08 09:10:17,,,2026-04-08 09:11:50,2026-04-08 09:13:07
WAR-012,Warfarin,Warfarin C1,Done,,2026-04-08 09:10:18,,,2026-04-08 09:11:19,2026-04-08 09:20:49
WAR-013,Warfarin,Warfarin C1,Done,,2026-04-08 09:21:57,,,2026-04-08 09:24:15,2026-04-08 09:25:28
ECG-014,ECG,ECG R1,Done,,2026-04-08 09:27:31,,,2026-04-08 09:28:39,2026-04-08 09:50:22
WAR-015,Warfarin,Warfarin C1,Done,,2026-04-08 09:32:16,,,2026-04-08 09:34:44,2026-04-08 09:41:36
OPD-016,OPD Screening,R1 C2,Done,,2026-04-08 09:36:39,2026-04-08 09:36:39,2026-04-08 09:38:23,2026-04-08 09:38:23,2026-04-08 09:48:36
WAR-017,Warfarin,Warfarin C1,Done,,2026-04-08 09:50:24,,,2026-04-08 09:53:06,2026-04-08 09:53:39
ECG-018,ECG,ECG R1,Done,,2026-04-08 10:03:51,,,2026-04-08 10:05:59,2026-04-08 10:17:10
CON-019,Consultation,R1 C1,Done,,2026-04-08 10:06:52,2026-04-08 10:06:52,2026-04-08 10:08:11,2026-04-08 10:08:11,2026-04-08 10:15:52
CON-020,Consultation,R4 C5,Done,,2026-04-08 10:13:17,2026-04-08 10:13:17,2026-04-08 10:14:34,2026-04-08 10:15:52,2026-04-08 10:27:40
OPD-021,OPD Screening,R1 C1,Done,,2026-04-08 10:14:59,2026-04-08 10:14:59,2026-04-08 10:15:59,2026-04-08 10:15:59,2026-04-08 10:19:25
CON-022,Consultation,R2 C3,Done,,2026-04-08 10:18:25,2026-04-08 10:18:25,2026-04-08 10:21:38,2026-04-08 10:27:40,2026-04-08 10:31:44
WAR-023,Warfarin,Warfarin C1,Done,,2026-04-08 10:18:51,,,2026-04-08 10:19:57,2026-04-08 10:31:38
CON-024,Consultation,R1 C2,Done,,2026-04-08 10:20:02,2026-04-08 10:21:38,2026-04-08 10:25:07,2026-04-08 10:31:44,2026-04-08 10:39:47
CON-025,Consultation,R3 C1,Done,,2026-04-08 10:32:39,2026-04-08 10:32:39,2026-04-08 10:38:07,2026-04-08 10:39:47,2026-04-08 11:37:14
OPD-026,OPD Screening,R1 C3,Done,,2026-04-08 10:33:01,2026-04-08 10:38:07,2026-04-08 10:39:00,2026-04-08 10:39:00,2026-04-08 10:49:37
BEN-027,Benzathine,Benzathine C1,Done,,2026-04-08 10:36:43,,,2026-04-08 10:39:15,2026-04-08 11:07:12
BEN-028,Benzathine,Benzathine C1,Done,,2026-04-08 10:38:57,,,2026-04-08 11:07:12,2026-04-08 11:08:26
BEN-029,Benzathine,Benzathine C1,Done,,2026-04-08 10:39:53,,,2026-04-08 11:08:26,2026-04-08 11:26:26
CON-030,Consultation,R3 C4,Done,,2026-04-08 10:41:43,2026-04-08 10:41:43,2026-04-08 10:42:11,2026-04-08 11:37:14,2026-04-08 11:50:22
CON-031,Consultation,R4 C2,Done,,2026-04-08 10:45:51,2026-04-08 10:45:51,2026-04-08 10:47:03,2026-04-08 11:50:22,2026-04-08 11:51:09
ECG-032,ECG,ECG R1,Done,,2026-04-08 10:52:25,,,2026-04-08 10:53:33,2026-04-08 11:57:05
CON-033,Consultation,R4 C3,Done,,2026-04-08 10:53:49,2026-04-08 10:53:49,2026-04-08 10:55:01,2026-04-08 11:51:09,2026-04-08 12:01:36
WAR-034,Warfarin,Warfarin C1,Done,,2026-04-08 10:57:41,,,2026-04-08 11:26:26,2026-04-08 11:38:10
BEN-035,Benzathine,Benzathine C1,Done,,2026-04-08 11:22:06,,,2026-04-08 11:38:10,2026-04-08 11:48:43
WAR-036,Warfarin,Warfarin C1,Done,,2026-04-08 11:22:53,,,2026-04-08 11:48:43,2026-04-08 11:52:18
CON-037,Consultation,R4 C5,Done,,2026-04-08 11:27:24,2026-04-08 11:27:24,2026-04-08 11:28:39,2026-04-08 12:01:36,2026-04-08 12:11:39
CON-038,Consultation,R2 C3,Done,,2026-04-08 11:30:53,2026-04-08 11:30:53,2026-04-08 11:40:11,2026-04-08 12:11:39,2026-04-08 12:18:30
OPD-039,OPD Card,Admin C1,Done,,2026-04-08 11:37:43,,,2026-04-08 11:39:50,2026-04-08 11:41:29
CON-040,Consultation,R4 C1,Done,,2026-04-08 11:39:26,2026-04-08 11:40:11,2026-04-08 11:53:31,2026-04-08 12:18:30,2026-04-08 12:23:39
CON-041,Consultation,R1 C1,Done,,2026-04-08 11:40:09,2026-04-08 11:53:31,2026-04-08 11:56:30,2026-04-08 12:23:39,2026-04-08 12:25:06
OPD-042,OPD Card,Admin C1,Done,,2026-04-08 11:45:27,,,2026-04-08 11:46:35,2026-04-08 11:55:28
OPD-043,OPD Screening,R1 C2,Done,,2026-04-08 11:51:22,2026-04-08 11:56:30,2026-04-08 11:57:29,2026-04-08 11:57:29,2026-04-08 12:05:14
CON-044,Consultation,R2 C5,Done,,2026-04-08 11:51:46,2026-04-08 11:57:29,2026-04-08 12:01:06,2026-04-08 12:25:06,2026-04-08 12:34:41
CON-045,Consultation,R1 C5,Done,,2026-04-08 12:00:48,2026-04-08 12:01:06,2026-04-08 12:01:28,2026-04-08 12:34:41,2026-04-08 12:41:03
ECG-046,ECG,ECG R1,Done,,2026-04-08 12:03:56,,,2026-04-08 12:05:36,2026-04-08 12:26:23
CON-047,Consultation,R2 C1,Done,,2026-04-08 12:14:01,2026-04-08 12:14:01,2026-04-08 12:15:50,2026-04-08 12:41:03,2026-04-08 12:42:15
CON-048,Consultation,R4 C3,Done,,2026-04-08 12:15:59,2026-04-08 12:15:59,2026-04-08 12:17:54,2026-04-08 12:42:15,2026-04-08 13:01:53
CON-049,Consultation,R4 C2,Done,,2026-04-08 12:20:44,2026-04-08 12:20:44,2026-04-08 12:22:06,2026-04-08 13:01:53,2026-04-08 13:13:06
WAR-050,Warfarin,Warfarin C1,Done,,2026-04-08 12:24:18,,,2026-04-08 12:25:52,2026-04-08 12:27:12
CON-051,Consultation,R1 C5,Done,,2026-04-08 12:25:45,2026-04-08 12:25:45,2026-04-08 12:37:01,2026-04-08 13:13:06,2026-04-08 13:48:44
BEN-052,Benzathine,Benzathine C1,Done,,2026-04-08 12:29:09,,,2026-04-08 12:30:57,2026-04-08 12:58:31
CON-053,Consultation,R1 C1,Done,,2026-04-08 12:31:13,2026-04-08 12:37:01,2026-04-08 12:39:05,2026-04-08 13:48:44,2026-04-08 13:51:01
OPD-054,OPD Screening,R1 C1,Done,,2026-04-08 12:32:36,2026-04-08 12:39:05,2026-04-08 12:44:19,2026-04-08 12:44:19,2026-04-08 12:46:18
WAR-055,Warfarin,Warfarin C1,Done,,2026-04-08 12:41:16,,,2026-04-08 12:58:31,2026-04-08 13:03:25
CON-056,Consultation,R2 C2,Done,,2026-04-08 12:42:08,2026-04-08 12:44:19,2026-04-08 12:47:23,2026-04-08 13:51:01,2026-04-08 13:56:59
CON-057,Consultation,R4 C5,Done,,2026-04-08 12:46:21,2026-04-08 12:47:23,2026-04-08 12:47:25,2026-04-08 13:56:59,2026-04-08 14:23:37
CON-058,Consultation,R1 C4,Done,,2026-04-08 12:46:31,2026-04-08 12:47:25,2026-04-08 12:48:44,2026-04-08 14:23:37,2026-04-08 14:27:33
ECG-059,ECG,ECG R1,Done,,2026-04-08 12:46:36,,,2026-04-08 12:48:37,2026-04-08 13:18:45
REF-060,Refill Prescription,Refill C1,Done,,2026-04-08 12:50:04,,,2026-04-08 12:52:06,2026-04-08 13:00:19
OPD-061,OPD Screening,R1 C2,Done,,2026-04-08 12:52:36,2026-04-08 12:52:36,2026-04-08 12:53:15,2026-04-08 12:53:15,2026-04-08 12:57:56
OPD-062,OPD Card,Admin C1,Done,,2026-04-08 12:53:15,,,2026-04-08 13:00:19,2026-04-08 13:11:45
OPD-063,OPD Screening,R1 C2,Done,,2026-04-08 12:54:40,2026-04-08 12:54:40,2026-04-08 12:54:51,2026-04-08 12:57:56,2026-04-08 12:59:14
WAR-064,Warfarin,Warfarin C1,Done,,2026-04-08 13:04:35,,,2026-04-08 13:06:03,2026-04-08 13:09:38
WAR-065,Warfarin,Warfarin C1,Done,,2026-04-08 13:05:10,,,2026-04-08 13:09:38,2026-04-08 13:16:05
CON-066,Consultation,R4 C2,Done,,2026-04-08 13:05:22,2026-04-08 13:05:22,2026-04-08 13:09:19,2026-04-08 14:27:33,2026-04-08 14:37:06
BEN-067,Benzathine,Benzathine C1,Done,,2026-04-08 13:12:18,,,2026-04-08 13:16:05,2026-04-08 13:20:04
CON-068,Consultation,R4 C5,Done,,2026-04-08 13:14:38,2026-04-08 13:14:38,2026-04-08 13:22:33,2026-04-08 14:37:06,2026-04-08 14:52:25
OPD-069,OPD Card,Admin C1,Done,,2026-04-08 13:17:45,,,2026-04-08 13:18:52,2026-04-08 13:24:58
CON-070,Consultation,R2 C1,Done,,2026-04-08 13:24:53,2026-04-08 13:24:53,2026-04-08 13:26:56,2026-04-08 14:52:25,2026-04-08 14:55:41
BEN-071,Benzathine,Benzathine C1,Done,,2026-04-08 13:25:06,,,2026-04-08 13:26:17,2026-04-08 13:27:25
CON-072,Consultation,R3 C3,Done,,2026-04-08 13:27:22,2026-04-08 13:27:22,2026-04-08 13:28:30,2026-04-08 14:55:41,2026-04-08 15:04:21
WAR-073,Warfarin,Warfarin C1,Done,,2026-04-08 13:33:58,,,2026-04-08 13:34:59,2026-04-08 13:54:08
OPD-074,OPD Screening,R1 C1,Done,,2026-04-08 13:42:59,2026-04-08 13:42:59,2026-04-08 13:45:36,2026-04-08 13:45:36,2026-04-08 13:46:51
REF-075,Refill Prescription,Refill C1,Done,,2026-04-08 13:43:06,,,2026-04-08 13:44:13,2026-04-08 13:53:42
CON-076,Consultation,R1 C3,Done,,2026-04-08 13:44:21,2026-04-08 13:45:36,2026-04-08 13:48:04,2026-04-08 15:04:21,2026-04-08 15:25:51
CON-077,Consultation,R2 C1,Done,,2026-04-08 13:46:49,2026-04-08 13:48:04,2026-04-08 13:49:07,2026-04-08 15:25:51,2026-04-08 15:51:10
CON-078,Consultation,R3 C2,Done,,2026-04-08 13:47:33,2026-04-08 13:49:07,2026-04-08 13:51:46,2026-04-08 15:51:10,2026-04-08 15:57:40
REF-079,Refill Prescription,Refill C1,Done,,2026-04-08 13:58:23,,,2026-04-08 13:59:42,2026-04-08 14:11:42
CON-080,Consultation,R2 C2,Done,,2026-04-08 14:00:51,2026-04-08 14:00:51,2026-04-08 14:02:22,2026-04-08 15:57:40,2026-04-08 16:09:27
BEN-081,Benzathine,Benzathine C1,Done,,2026-04-08 14:12:25,,,2026-04-08 14:13:39,2026-04-08 14:33:44
CON-082,Consultation,R4 C5,Done,,2026-04-08 14:17:47,2026-04-08 14:17:47,2026-04-08 14:18:07,2026-04-08 16:09:27,2026-04-08 16:13:31
CON-083,Consultation,R4 C1,Done,,2026-04-08 14:22:01,2026-04-08 14:22:01,2026-04-08 14:22:24,2026-04-08 16:13:31,2026-04-08 16:41:38
CON-001,Consultation,R2 C2,Done,,2026-04-09 08:00:46,2026-04-09 08:00:46,2026-04-09 08:02:14,2026-04-09 08:02:14,2026-04-09 08:25:03
CON-002,Consultation,R3 C4,Done,,2026-04-09 08:01:36,2026-04-09 08:02:14,2026-04-09 08:03:30,2026-04-09 08:25:03,2026-04-09 08:30:41
REF-003,Refill Prescription,Refill C1,Done,,2026-04-09 08:02:52,,,2026-04-09 08:04:31,2026-04-09 08:05:10
OPD-004,OPD Reschedule,Reschedule C1,Done,,2026-04-09 08:12:38,,,2026-04-09 08:15:38,2026-04-09 08:19:16
CON-005,Consultation,R3 C2,Done,,2026-04-09 08:24:31,2026-04-09 08:24:31,2026-04-09 08:24:53,2026-04-09 08:30:41,2026-04-09 08:30:50
OPD-006,OPD Screening,R1 C1,Done,,2026-04-09 08:26:19,2026-04-09 08:26:19,2026-04-09 08:38:25,2026-04-09 08:38:25,2026-04-09 08:42:16
CON-007,Consultation,R3 C1,Done,,2026-04-09 08:29:04,2026-04-09 08:38:25,2026-04-09 08:46:00,2026-04-09 08:46:00,2026-04-09 09:03:03
OPD-008,OPD Screening,R1 C3,Done,,2026-04-09 08:34:36,2026-04-09 08:46:00,2026-04-09 08:49:52,2026-04-09 08:49:52,2026-04-09 09:18:48
CON-009,Consultation,R2 C5,Done,,2026-04-09 08:40:15,2026-04-09 08:49:52,2026-04-09 08:50:22,2026-04-09 09:03:03,2026-04-09 09:05:21
CON-010,Consultation,R3 C2,Done,,2026-04-09 09:02:01,2026-04-09 09:02:01,2026-04-09 09:03:26,2026-04-09 09:05:21,2026-04-09 09:28:53
OPD-011,OPD Screening,R1 C2,Done,,2026-04-09 09:06:10,2026-04-09 09:06:10,2026-04-09 09:06:36,2026-04-09 09:18:48,2026-04-09 09:26:42
OPD-012,OPD Screening,R1 C2,Done,,2026-04-09 09:14:21,2026-04-09 09:14:21,2026-04-09 09:15:40,2026-04-09 09:26:42,2026-04-09 09:29:32
CON-013,Consultation,R3 C5,Done,,2026-04-09 09:19:00,2026-04-09 09:19:00,2026-04-09 09:19:52,2026-04-09 09:28:53,2026-04-09 09:32:46
CON-014,Consultation,R2 C1,Done,,2026-04-09 09:33:38,2026-04-09 09:33:38,2026-04-09 09:38:33,2026-04-09 09:38:33,2026-04-09 10:00:28
CON-015,Consultation,R4 C5,Done,,2026-04-09 09:40:27,2026-04-09 09:40:27,2026-04-09 09:41:07,2026-04-09 10:00:28,2026-04-09 10:02:35
OPD-016,OPD Card,Admin C1,Done,,2026-04-09 09:42:46,,,2026-04-09 09:44:24,2026-04-09 10:05:05
CON-017,Consultation,R3 C2,Done,,2026-04-09 09:46:15,2026-04-09 09:46:15,2026-04-09 09:48:03,2026-04-09 10:02:35,2026-04-09 10:23:52
CON-018,Consultation,R4 C5,Done,,2026-04-09 09:52:11,2026-04-09 09:52:11,2026-04-09 09:52:33,2026-04-09 10:23:52,2026-04-09 10:36:54
CON-019,Consultation,R2 C4,Done,,2026-04-09 10:02:06,2026-04-09 10:02:06,2026-04-09 10:11:51,2026-04-09 10:36:54,2026-04-09 10:56:24
CON-020,Consultation,R1 C2,Done,,2026-04-09 10:04:26,2026-04-09 10:11:51,2026-04-09 10:20:42,2026-04-09 10:56:24,2026-04-09 10:58:33
OPD-021,OPD Screening,R1 C1,Done,,2026-04-09 10:18:31,2026-04-09 10:20:42,2026-04-09 10:26:17,2026-04-09 10:26:17,2026-04-09 10:27:16
BEN-022,Benzathine,Benzathine C1,Done,,2026-04-09 10:20:19,,,2026-04-09 10:22:23,2026-04-09 10:23:57
OPD-023,OPD Card,Admin C1,Done,,2026-04-09 10:20:38,,,2026-04-09 10:22:54,2026-04-09 10:23:01
CON-024,Consultation,R2 C3,Done,,2026-04-09 10:20:47,2026-04-09 10:26:17,2026-04-09 10:26:19,2026-04-09 10:58:33,2026-04-09 11:15:52
BEN-025,Benzathine,Benzathine C1,Done,,2026-04-09 10:28:39,,,2026-04-09 10:30:09,2026-04-09 10:48:14
CON-026,Consultation,R3 C5,Done,,2026-04-09 10:38:08,2026-04-09 10:38:08,2026-04-09 10:39:31,2026-04-09 11:15:52,2026-04-09 11:17:42
OPD-027,OPD Screening,R1 C1,Done,,2026-04-09 10:46:09,2026-04-09 10:46:09,2026-04-09 10:48:53,2026-04-09 10:48:53,2026-04-09 10:54:57
CON-028,Consultation,R3 C4,Done,,2026-04-09 10:49:44,2026-04-09 10:49:44,2026-04-09 10:50:41,2026-04-09 11:17:42,2026-04-09 11:20:35
ECG-029,ECG,ECG R1,Done,,2026-04-09 10:51:17,,,2026-04-09 10:52:48,2026-04-09 10:55:55
BEN-030,Benzathine,Benzathine C1,Done,,2026-04-09 10:51:55,,,2026-04-09 10:54:38,2026-04-09 11:47:26
CON-031,Consultation,R4 C3,Done,,2026-04-09 10:54:40,2026-04-09 10:54:40,2026-04-09 10:56:30,2026-04-09 11:20:35,2026-04-09 11:26:10
BEN-032,Benzathine,Benzathine C1,Done,,2026-04-09 10:59:03,,,2026-04-09 11:47:26,2026-04-09 12:20:37
CON-033,Consultation,R1 C5,Done,,2026-04-09 11:04:13,2026-04-09 11:04:13,2026-04-09 11:04:39,2026-04-09 11:26:10,2026-04-09 11:28:21
ECG-034,ECG,ECG R1,Done,,2026-04-09 11:07:51,,,2026-04-09 11:09:22,2026-04-09 11:29:52
CON-035,Consultation,R4 C1,Done,,2026-04-09 11:08:35,2026-04-09 11:08:35,2026-04-09 11:12:26,2026-04-09 11:28:21,2026-04-09 11:36:19
CON-036,Consultation,R2 C2,Done,,2026-04-09 11:09:15,2026-04-09 11:12:26,2026-04-09 11:19:29,2026-04-09 11:36:19,2026-04-09 12:18:58
OPD-037,OPD Card,Admin C1,Done,,2026-04-09 11:13:17,,,2026-04-09 11:15:00,2026-04-09 11:17:58
OPD-038,OPD Card,Admin C1,Done,,2026-04-09 11:19:02,,,2026-04-09 11:21:53,2026-04-09 11:34:18
CON-039,Consultation,R3 C1,Done,,2026-04-09 11:27:43,2026-04-09 11:27:43,2026-04-09 11:29:02,2026-04-09 12:18:58,2026-04-09 12:33:35
WAR-040,Warfarin,Warfarin C1,Done,,2026-04-09 11:29:02,,,2026-04-09 12:20:37,2026-04-09 12:32:25
BEN-041,Benzathine,Benzathine C1,Done,,2026-04-09 11:34:45,,,2026-04-09 12:32:25,2026-04-09 12:41:14
CON-042,Consultation,R1 C4,Done,,2026-04-09 11:36:16,2026-04-09 11:36:16,2026-04-09 11:38:17,2026-04-09 12:33:35,2026-04-09 13:31:07
WAR-043,Warfarin,Warfarin C1,Done,,2026-04-09 11:46:50,,,2026-04-09 12:41:14,2026-04-09 12:43:18
BEN-044,Benzathine,Benzathine C1,Done,,2026-04-09 12:05:55,,,2026-04-09 12:43:18,2026-04-09 13:02:25
CON-045,Consultation,R3 C2,Done,,2026-04-09 12:11:34,2026-04-09 12:11:34,2026-04-09 12:11:56,2026-04-09 13:31:07,2026-04-09 13:44:34
WAR-046,Warfarin,Warfarin C1,Done,,2026-04-09 12:11:52,,,2026-04-09 13:02:25,2026-04-09 13:12:15
ECG-047,ECG,ECG R1,Done,,2026-04-09 12:14:50,,,2026-04-09 12:17:29,2026-04-09 12:34:03
CON-048,Consultation,R3 C1,Done,,2026-04-09 12:21:42,2026-04-09 12:21:42,2026-04-09 12:25:12,2026-04-09 13:44:34,2026-04-09 14:28:29
OPD-049,OPD Card,Admin C1,Done,,2026-04-09 12:40:55,,,2026-04-09 12:42:06,2026-04-09 12:43:49
OPD-050,OPD Screening,R1 C3,Done,,2026-04-09 12:41:01,2026-04-09 12:41:01,2026-04-09 12:54:59,2026-04-09 12:54:59,2026-04-09 12:55:45
ECG-051,ECG,ECG R1,Done,,2026-04-09 12:51:21,,,2026-04-09 12:52:24,2026-04-09 13:21:36
BEN-052,Benzathine,Benzathine C1,Done,,2026-04-09 12:51:24,,,2026-04-09 13:12:15,2026-04-09 13:19:47
WAR-053,Warfarin,Warfarin C1,Done,,2026-04-09 12:54:46,,,2026-04-09 13:19:47,2026-04-09 13:36:38
CON-054,Consultation,R3 C1,Done,,2026-04-09 12:55:42,2026-04-09 12:55:42,2026-04-09 12:58:24,2026-04-09 14:28:29,2026-04-09 14:31:16
ECG-055,ECG,ECG R1,Done,,2026-04-09 13:06:42,,,2026-04-09 13:21:36,2026-04-09 13:21:40
CON-056,Consultation,R4 C5,Done,,2026-04-09 13:07:39,2026-04-09 13:07:39,2026-04-09 13:08:35,2026-04-09 14:31:16,2026-04-09 14:34:23
WAR-057,Warfarin,Warfarin C1,Done,,2026-04-09 13:13:17,,,2026-04-09 13:36:38,2026-04-09 13:42:47
CON-058,Consultation,R2 C1,Done,,2026-04-09 13:15:52,2026-04-09 13:15:52,2026-04-09 13:18:28,2026-04-09 14:34:23,2026-04-09 14:38:11
OPD-059,OPD Card,Admin C1,Done,,2026-04-09 13:17:35,,,2026-04-09 13:20:04,2026-04-09 13:20:10
CON-060,Consultation,R1 C4,Done,,2026-04-09 13:23:24,2026-04-09 13:23:24,2026-04-09 13:24:33,2026-04-09 14:38:11,2026-04-09 14:46:24
WAR-061,Warfarin,Warfarin C1,Done,,2026-04-09 13:23:31,,,2026-04-09 13:42:47,2026-04-09 13:46:03
WAR-062,Warfarin,Warfarin C1,Done,,2026-04-09 13:26:07,,,2026-04-09 13:46:03,2026-04-09 13:51:39
BEN-063,Benzathine,Benzathine C1,Done,,2026-04-09 13:32:17,,,2026-04-09 13:51:39,2026-04-09 14:02:06
WAR-064,Warfarin,Warfarin C1,Done,,2026-04-09 13:42:25,,,2026-04-09 14:02:06,2026-04-09 14:14:32
OPD-065,OPD Screening,R1 C3,Done,,2026-04-09 13:45:21,2026-04-09 13:45:21,2026-04-09 13:46:03,2026-04-09 13:46:03,2026-04-09 13:49:59
REF-066,Refill Prescription,Refill C1,Done,,2026-04-09 13:47:26,,,2026-04-09 13:50:03,2026-04-09 13:57:29
OPD-067,OPD Reschedule,Reschedule C1,Done,,2026-04-09 13:48:28,,,2026-04-09 13:57:29,2026-04-09 14:11:44
CON-068,Consultation,R4 C1,Done,,2026-04-09 13:54:12,2026-04-09 13:54:12,2026-04-09 13:55:23,2026-04-09 14:46:24,2026-04-09 14:54:33
CON-069,Consultation,R4 C2,Done,,2026-04-09 13:55:26,2026-04-09 13:55:26,2026-04-09 13:59:58,2026-04-09 14:54:33,2026-04-09 15:10:53
WAR-070,Warfarin,Warfarin C1,Done,,2026-04-09 13:59:13,,,2026-04-09 14:14:32,2026-04-09 14:27:26
WAR-071,Warfarin,Warfarin C1,Done,,2026-04-09 14:03:52,,,2026-04-09 14:27:26,2026-04-09 14:30:53
OPD-072,OPD Screening,R1 C3,Done,,2026-04-09 14:13:50,2026-04-09 14:13:50,2026-04-09 14:14:06,2026-04-09 14:14:06,2026-04-09 14:16:14
CON-073,Consultation,R3 C1,Done,,2026-04-09 14:16:04,2026-04-09 14:16:04,2026-04-09 14:20:21,2026-04-09 15:10:53,2026-04-09 16:12:12
CON-074,Consultation,R4 C5,Done,,2026-04-09 14:34:53,2026-04-09 14:34:53,2026-04-09 14:35:28,2026-04-09 16:12:12,2026-04-09 16:24:29
CON-075,Consultation,R1 C3,Done,,2026-04-09 14:34:57,2026-04-09 14:35:28,2026-04-09 14:35:35,2026-04-09 16:24:29,2026-04-09 16:27:20
OPD-076,OPD Screening,R1 C2,Done,,2026-04-09 14:37:36,2026-04-09 14:37:36,2026-04-09 14:41:28,2026-04-09 14:41:28,2026-04-09 15:03:02
OPD-077,OPD Reschedule,Reschedule C1,Done,,2026-04-09 14:38:16,,,2026-04-09 14:39:31,2026-04-09 14:40:16
WAR-078,Warfarin,Warfarin C1,Done,,2026-04-09 14:38:30,,,2026-04-09 14:41:29,2026-04-09 14:58:01
WAR-079,Warfarin,Warfarin C1,Done,,2026-04-09 14:41:20,,,2026-04-09 14:58:01,2026-04-09 15:10:21
REF-080,Refill Prescription,Refill C1,Done,,2026-04-09 14:43:13,,,2026-04-09 14:45:48,2026-04-09 14:49:26
CON-081,Consultation,R4 C2,Done,,2026-04-09 14:53:14,2026-04-09 14:53:14,2026-04-09 14:54:03,2026-04-09 16:27:20,2026-04-09 16:37:48
OPD-082,OPD Card,Admin C1,Done,,2026-04-09 14:57:19,,,2026-04-09 15:00:00,2026-04-09 15:00:14
BEN-083,Benzathine,Benzathine C1,Done,,2026-04-09 15:00:21,,,2026-04-09 15:10:21,2026-04-09 15:16:39
CON-001,Consultation,R4 C5,Done,,2026-04-10 08:02:35,2026-04-10 08:02:35,2026-04-10 08:02:39,2026-04-10 08:02:39,2026-04-10 08:14:49
REF-002,Refill Prescription,Refill C1,Done,,2026-04-10 08:10:10,,,2026-04-10 08:12:02,2026-04-10 08:12:49
WAR-003,Warfarin,Warfarin C1,Done,,2026-04-10 08:14:47,,,2026-04-10 08:17:46,2026-04-10 08:20:13
BEN-004,Benzathine,Benzathine C1,Done,,2026-04-10 08:16:28,,,2026-04-10 08:20:13,2026-04-10 08:25:07
CON-005,Consultation,R2 C3,Done,,2026-04-10 08:16:58,2026-04-10 08:16:58,2026-04-10 08:20:03,2026-04-10 08:20:03,2026-04-10 08:25:19
CON-006,Consultation,R2 C3,Done,,2026-04-10 08:19:31,2026-04-10 08:20:03,2026-04-10 08:20:31,2026-04-10 08:25:19,2026-04-10 08:27:45
BEN-007,Benzathine,Benzathine C1,Done,,2026-04-10 08:19:48,,,2026-04-10 08:25:07,2026-04-10 08:25:34
OPD-008,OPD Screening,R1 C3,Done,,2026-04-10 08:21:53,2026-04-10 08:21:53,2026-04-10 08:24:53,2026-04-10 08:24:53,2026-04-10 08:26:24
CON-009,Consultation,R3 C1,Done,,2026-04-10 08:22:22,2026-04-10 08:24:53,2026-04-10 08:26:12,2026-04-10 08:27:45,2026-04-10 08:33:14
OPD-010,OPD Card,Admin C1,Done,,2026-04-10 08:22:55,,,2026-04-10 08:25:22,2026-04-10 08:38:06
OPD-011,OPD Screening,R1 C2,Done,,2026-04-10 08:25:31,2026-04-10 08:26:12,2026-04-10 08:27:49,2026-04-10 08:27:49,2026-04-10 08:28:15
OPD-012,OPD Screening,R1 C3,Done,,2026-04-10 08:27:05,2026-04-10 08:27:49,2026-04-10 08:35:02,2026-04-10 08:35:02,2026-04-10 08:45:25
CON-013,Consultation,R3 C3,Done,,2026-04-10 08:34:31,2026-04-10 08:35:02,2026-04-10 08:41:56,2026-04-10 08:41:56,2026-04-10 09:12:17
REF-014,Refill Prescription,Refill C1,Done,,2026-04-10 08:41:06,,,2026-04-10 08:42:44,2026-04-10 08:45:34
OPD-015,OPD Card,Admin C1,Done,,2026-04-10 08:45:27,,,2026-04-10 08:48:24,2026-04-10 09:07:49
OPD-016,OPD Card,Admin C1,Done,,2026-04-10 08:50:30,,,2026-04-10 09:07:49,2026-04-10 09:15:48
ECG-017,ECG,ECG R1,Done,,2026-04-10 08:50:48,,,2026-04-10 08:52:05,2026-04-10 09:01:58
REF-018,Refill Prescription,Refill C1,Done,,2026-04-10 09:01:21,,,2026-04-10 09:15:48,2026-04-10 09:16:51
BEN-019,Benzathine,Benzathine C1,Done,,2026-04-10 09:05:44,,,2026-04-10 09:06:59,2026-04-10 09:09:49
CON-020,Consultation,R4 C1,Done,,2026-04-10 09:13:28,2026-04-10 09:13:28,2026-04-10 09:16:56,2026-04-10 09:16:56,2026-04-10 09:34:53
CON-021,Consultation,R1 C1,Done,,2026-04-10 09:27:29,2026-04-10 09:27:29,2026-04-10 09:27:29,2026-04-10 09:34:53,2026-04-10 09:36:09
CON-022,Consultation,R3 C5,Done,,2026-04-10 09:28:30,2026-04-10 09:28:30,2026-04-10 09:32:17,2026-04-10 09:36:09,2026-04-10 10:14:26
CON-023,Consultation,R2 C3,Done,,2026-04-10 09:29:42,2026-04-10 09:32:17,2026-04-10 09:37:57,2026-04-10 10:14:26,2026-04-10 10:35:21
OPD-024,OPD Card,Admin C1,Done,,2026-04-10 09:34:24,,,2026-04-10 09:36:52,2026-04-10 09:38:49
ECG-025,ECG,ECG R1,Done,,2026-04-10 09:36:22,,,2026-04-10 09:37:50,2026-04-10 10:11:14
BEN-026,Benzathine,Benzathine C1,Done,,2026-04-10 09:42:51,,,2026-04-10 09:45:44,2026-04-10 09:47:02
WAR-027,Warfarin,Warfarin C1,Done,,2026-04-10 09:50:26,,,2026-04-10 09:53:05,2026-04-10 09:53:08
REF-028,Refill Prescription,Refill C1,Done,,2026-04-10 09:54:18,,,2026-04-10 09:56:16,2026-04-10 09:57:18
BEN-029,Benzathine,Benzathine C1,Done,,2026-04-10 09:58:28,,,2026-04-10 10:01:17,2026-04-10 10:04:47
CON-030,Consultation,R3 C3,Done,,2026-04-10 10:00:16,2026-04-10 10:00:16,2026-04-10 10:02:27,2026-04-10 10:35:21,2026-04-10 10:37:21
CON-031,Consultation,R3 C1,Done,,2026-04-10 10:01:01,2026-04-10 10:02:27,2026-04-10 10:02:29,2026-04-10 10:37:21,2026-04-10 11:01:58
CON-032,Consultation,R1 C3,Done,,2026-04-10 10:20:27,2026-04-10 10:20:27,2026-04-10 10:20:48,2026-04-10 11:01:58,2026-04-10 11:27:30
OPD-033,OPD Screening,R1 C2,Done,,2026-04-10 10:25:14,2026-04-10 10:25:14,2026-04-10 10:30:45,2026-04-10 10:30:45,2026-04-10 10:31:35
CON-034,Consultation,R2 C3,Done,,2026-04-10 10:28:41,2026-04-10 10:30:45,2026-04-10 10:34:18,2026-04-10 11:27:30,2026-04-10 11:31:41
OPD-035,OPD Card,Admin C1,Done,,2026-04-10 10:34:17,,,2026-04-10 10:35:44,2026-04-10 10:36:48
OPD-036,OPD Card,Admin C1,Done,,2026-04-10 10:37:46,,,2026-04-10 10:39:02,2026-04-10 10:44:51
CON-037,Consultation,R3 C3,Done,,2026-04-10 10:39:14,2026-04-10 10:39:14,2026-04-10 10:44:55,2026-04-10 11:31:41,2026-04-10 11:34:07
CON-038,Consultation,R2 C3,Done,,2026-04-10 10:41:03,2026-04-10 10:44:55,2026-04-10 10:47:49,2026-04-10 11:34:07,2026-04-10 12:10:05
CON-039,Consultation,R1 C4,Done,,2026-04-10 10:41:27,2026-04-10 10:47:49,2026-04-10 10:51:46,2026-04-10 12:10:05,2026-04-10 12:14:46
CON-040,Consultation,R3 C1,Done,,2026-04-10 10:50:09,2026-04-10 10:51:46,2026-04-10 10:53:02,2026-04-10 12:14:46,2026-04-10 12:17:10
CON-041,Consultation,R3 C1,Done,,2026-04-10 10:57:33,2026-04-10 10:57:33,2026-04-10 10:58:56,2026-04-10 12:17:10,2026-04-10 12:30:36
CON-042,Consultation,R1 C3,Done,,2026-04-10 10:58:58,2026-04-10 10:58:58,2026-04-10 10:58:58,2026-04-10 12:30:36,2026-04-10 12:49:55
OPD-043,OPD Card,Admin C1,Done,,2026-04-10 11:00:20,,,2026-04-10 11:02:45,2026-04-10 11:06:24
CON-044,Consultation,R1 C3,Done,,2026-04-10 11:05:48,2026-04-10 11:05:48,2026-04-10 11:07:16,2026-04-10 12:49:55,2026-04-10 12:52:40
ECG-045,ECG,ECG R1,Done,,2026-04-10 11:07:33,,,2026-04-10 11:08:40,2026-04-10 11:54:29
REF-046,Refill Prescription,Refill C1,Done,,2026-04-10 11:09:06,,,2026-04-10 11:11:24,2026-04-10 11:15:39
WAR-047,Warfarin,Warfarin C1,Done,,2026-04-10 11:12:03,,,2026-04-10 11:13:45,2026-04-10 11:23:49
OPD-048,OPD Card,Admin C1,Done,,2026-04-10 11:16:09,,,2026-04-10 11:18:34,2026-04-10 11:24:50
ECG-049,ECG,ECG R1,Done,,2026-04-10 11:31:55,,,2026-04-10 11:54:29,2026-04-10 11:57:49
CON-050,Consultation,R1 C4,Done,,2026-04-10 11:35:18,2026-04-10 11:35:18,2026-04-10 11:35:25,2026-04-10 12:52:40,2026-04-10 13:22:14
OPD-051,OPD Card,Admin C1,Done,,2026-04-10 11:35:44,,,2026-04-10 11:38:07,2026-04-10 11:42:04
OPD-052,OPD Card,Admin C1,Done,,2026-04-10 11:40:41,,,2026-04-10 11:42:32,2026-04-10 11:46:18
WAR-053,Warfarin,Warfarin C1,Done,,2026-04-10 11:41:55,,,2026-04-10 11:43:25,2026-04-10 11:46:10
CON-054,Consultation,R2 C5,Done,,2026-04-10 11:46:36,2026-04-10 11:46:36,2026-04-10 11:47:05,2026-04-10 13:22:14,2026-04-10 13:47:11
CON-055,Consultation,R4 C5,Done,,2026-04-10 11:53:52,2026-04-10 11:53:52,2026-04-10 11:54:17,2026-04-10 13:47:11,2026-04-10 13:49:31
CON-056,Consultation,R1 C1,Done,,2026-04-10 11:54:46,2026-04-10 11:54:46,2026-04-10 11:59:23,2026-04-10 13:49:31,2026-04-10 13:57:13
CON-057,Consultation,R1 C4,Done,,2026-04-10 12:25:41,2026-04-10 12:25:41,2026-04-10 12:30:03,2026-04-10 13:57:13,2026-04-10 14:04:39
CON-058,Consultation,R1 C2,Done,,2026-04-10 12:35:45,2026-04-10 12:35:45,2026-04-10 12:36:36,2026-04-10 14:04:39,2026-04-10 14:19:53
ECG-059,ECG,ECG R1,Done,,2026-04-10 12:37:10,,,2026-04-10 12:39:40,2026-04-10 12:49:55
OPD-060,OPD Screening,R1 C2,Done,,2026-04-10 12:46:21,2026-04-10 12:46:21,2026-04-10 12:51:15,2026-04-10 12:51:15,2026-04-10 12:56:01
CON-061,Consultation,R2 C4,Done,,2026-04-10 12:46:23,2026-04-10 12:51:15,2026-04-10 12:51:28,2026-04-10 14:19:53,2026-04-10 14:24:24
CON-062,Consultation,R3 C5,Done,,2026-04-10 12:46:56,2026-04-10 12:51:28,2026-04-10 12:55:58,2026-04-10 14:24:24,2026-04-10 14:25:19
CON-063,Consultation,R4 C5,Done,,2026-04-10 12:49:38,2026-04-10 12:55:58,2026-04-10 12:56:46,2026-04-10 14:25:19,2026-04-10 14:52:26
WAR-064,Warfarin,Warfarin C1,Done,,2026-04-10 12:55:06,,,2026-04-10 12:57:47,2026-04-10 13:06:48
REF-065,Refill Prescription,Refill C1,Done,,2026-04-10 12:57:52,,,2026-04-10 13:00:34,2026-04-10 13:08:33
OPD-066,OPD Screening,R1 C2,Done,,2026-04-10 13:04:10,2026-04-10 13:04:10,2026-04-10 13:11:26,2026-04-10 13:11:26,2026-04-10 13:17:52
OPD-067,OPD Reschedule,Reschedule C1,Done,,2026-04-10 13:10:33,,,2026-04-10 13:12:06,2026-04-10 13:16:37
REF-068,Refill Prescription,Refill C1,Done,,2026-04-10 13:20:46,,,2026-04-10 13:23:19,2026-04-10 13:25:44
CON-069,Consultation,R4 C5,Done,,2026-04-10 13:26:13,2026-04-10 13:26:13,2026-04-10 13:31:20,2026-04-10 14:52:26,2026-04-10 14:58:44
ECG-070,ECG,ECG R1,Done,,2026-04-10 13:28:12,,,2026-04-10 13:30:06,2026-04-10 13:41:47
REF-071,Refill Prescription,Refill C1,Done,,2026-04-10 13:30:11,,,2026-04-10 13:31:47,2026-04-10 13:32:30
CON-072,Consultation,R1 C2,Done,,2026-04-10 13:31:40,2026-04-10 13:31:40,2026-04-10 13:34:39,2026-04-10 14:58:44,2026-04-10 15:50:20
CON-073,Consultation,R4 C1,Done,,2026-04-10 13:34:15,2026-04-10 13:34:39,2026-04-10 13:37:12,2026-04-10 15:50:20,2026-04-10 16:33:56
BEN-074,Benzathine,Benzathine C1,Done,,2026-04-10 13:37:26,,,2026-04-10 13:39:15,2026-04-10 14:05:57
OPD-075,OPD Screening,R1 C2,Done,,2026-04-10 13:44:55,2026-04-10 13:44:55,2026-04-10 13:45:41,2026-04-10 13:45:41,2026-04-10 13:53:49
CON-076,Consultation,R1 C1,Done,,2026-04-10 13:48:37,2026-04-10 13:48:37,2026-04-10 13:50:05,2026-04-10 16:33:56,2026-04-10 16:48:46
ECG-077,ECG,ECG R1,Done,,2026-04-10 13:49:48,,,2026-04-10 13:52:13,2026-04-10 13:57:08
OPD-078,OPD Screening,R1 C3,Done,,2026-04-10 13:50:45,2026-04-10 13:50:45,2026-04-10 13:53:57,2026-04-10 13:53:57,2026-04-10 14:01:03
WAR-079,Warfarin,Warfarin C1,Done,,2026-04-10 13:52:25,,,2026-04-10 14:05:57,2026-04-10 14:06:56
CON-080,Consultation,R4 C3,Done,,2026-04-10 13:55:45,2026-04-10 13:55:45,2026-04-10 13:58:52,2026-04-10 16:48:46,2026-04-10 16:51:21
REF-081,Refill Prescription,Refill C1,Done,,2026-04-10 14:23:30,,,2026-04-10 14:26:13,2026-04-10 14:26:57
BEN-082,Benzathine,Benzathine C1,Done,,2026-04-10 14:27:16,,,2026-04-10 14:29:57,2026-04-10 14:55:20
BEN-083,Benzathine,Benzathine C1,Done,,2026-04-10 14:45:01,,,2026-04-10 14:55:20,2026-04-10 15:26:50
ECG-084,ECG,ECG R1,Done,,2026-04-10 15:01:00,,,2026-04-10 15:02:11,2026-04-10 15:03:21
CON-085,Consultation,R3 C2,Done,,2026-04-10 15:02:14,2026-04-10 15:02:14,2026-04-10 15:03:02,2026-04-10 16:51:21,2026-04-10 17:21:19
ECG-086,ECG,ECG R1,Done,,2026-04-10 15:09:26,,,2026-04-10 15:11:55,2026-04-10 15:48:50
CON-087,Consultation,R4 C3,Done,,2026-04-10 15:14:25,2026-04-10 15:14:25,2026-04-10 15:14:28,2026-04-10 17:21:19,2026-04-10 17:46:02
CON-088,Consultation,R1 C3,Done,,2026-04-10 15:16:07,2026-04-10 15:16:07,2026-04-10 15:16:08,2026-04-10 17:46:02,2026-04-10 18:07:50
CON-089,Consultation,R3 C1,Done,,2026-04-10 15:21:27,2026-04-10 15:21:27,2026-04-10 15:27:59,2026-04-10 18:07:50,2026-04-10 18:21:00
CON-090,Consultation,R2 C4,Done,,2026-04-10 15:23:52,2026-04-10 15:27:59,2026-04-10 15:28:17,2026-04-10 18:21:00,2026-04-10 18:32:07
CON-091,Consultation,R4 C4,Done,,2026-04-10 15:42:08,2026-04-10 15:42:08,2026-04-10 15:42:29,2026-04-10 18:32:07,2026-04-10 18:48:17
CON-001,Consultation,R2 C3,Done,,2026-04-11 08:04:09,2026-04-11 08:04:09,2026-04-11 08:05:36,2026-04-11 08:05:36,2026-04-11 08:14:02
CON-002,Consultation,R1 C1,Done,,2026-04-11 08:05:46,2026-04-11 08:05:46,2026-04-11 08:06:49,2026-04-11 08:14:02,2026-04-11 08:30:32
OPD-003,OPD Screening,R1 C2,Done,,2026-04-11 08:07:45,2026-04-11 08:07:45,2026-04-11 08:18:17,2026-04-11 08:18:17,2026-04-11 08:22:47
OPD-004,OPD Screening,R1 C2,Done,,2026-04-11 08:14:07,2026-04-11 08:18:17,2026-04-11 08:23:10,2026-04-11 08:23:10,2026-04-11 08:31:10
REF-005,Refill Prescription,Refill C1,Done,,2026-04-11 08:24:59,,,2026-04-11 08:26:10,2026-04-11 08:29:17
ECG-006,ECG,ECG R1,Done,,2026-04-11 08:29:38,,,2026-04-11 08:31:09,2026-04-11 08:35:55
OPD-007,OPD Reschedule,Reschedule C1,Done,,2026-04-11 08:30:07,,,2026-04-11 08:31:46,2026-04-11 08:40:42
OPD-008,OPD Screening,R1 C3,Done,,2026-04-11 08:58:58,2026-04-11 08:58:58,2026-04-11 09:00:00,2026-04-11 09:00:00,2026-04-11 09:05:29
OPD-009,OPD Reschedule,Reschedule C1,Done,,2026-04-11 08:59:56,,,2026-04-11 09:02:28,2026-04-11 09:16:03
CON-010,Consultation,R3 C4,Done,,2026-04-11 09:00:34,2026-04-11 09:00:34,2026-04-11 09:00:43,2026-04-11 09:00:43,2026-04-11 09:06:42
CON-011,Consultation,R4 C5,Done,,2026-04-11 09:13:32,2026-04-11 09:13:32,2026-04-11 09:14:41,2026-04-11 09:14:41,2026-04-11 09:19:40
CON-012,Consultation,R3 C2,Done,,2026-04-11 09:15:17,2026-04-11 09:15:17,2026-04-11 09:17:19,2026-04-11 09:19:40,2026-04-11 09:34:20
CON-013,Consultation,R3 C3,Done,,2026-04-11 09:27:59,2026-04-11 09:27:59,2026-04-11 09:28:58,2026-04-11 09:34:20,2026-04-11 10:20:31
WAR-014,Warfarin,Warfarin C1,Done,,2026-04-11 09:28:22,,,2026-04-11 09:30:11,2026-04-11 09:35:27
CON-015,Consultation,R3 C5,Done,,2026-04-11 09:43:42,2026-04-11 09:43:42,2026-04-11 09:50:59,2026-04-11 10:20:31,2026-04-11 11:41:36
CON-016,Consultation,R2 C5,Done,,2026-04-11 09:53:44,2026-04-11 09:53:44,2026-04-11 09:54:49,2026-04-11 11:41:36,2026-04-11 12:22:53
CON-017,Consultation,R4 C1,Done,,2026-04-11 10:02:13,2026-04-11 10:02:13,2026-04-11 10:03:54,2026-04-11 12:22:53,2026-04-11 13:06:49
ECG-018,ECG,ECG R1,Done,,2026-04-11 10:09:14,,,2026-04-11 10:11:22,2026-04-11 10:36:50
CON-019,Consultation,R4 C4,Done,,2026-04-11 10:12:09,2026-04-11 10:12:09,2026-04-11 10:15:22,2026-04-11 13:06:49,2026-04-11 13:14:58
OPD-020,OPD Card,Admin C1,Done,,2026-04-11 10:12:50,,,2026-04-11 10:14:29,2026-04-11 10:28:18
OPD-021,OPD Screening,R1 C2,Done,,2026-04-11 10:21:35,2026-04-11 10:21:35,2026-04-11 10:27:48,2026-04-11 10:27:48,2026-04-11 10:31:31
ECG-022,ECG,ECG R1,Done,,2026-04-11 10:22:42,,,2026-04-11 10:36:50,2026-04-11 10:50:14
OPD-023,OPD Reschedule,Reschedule C1,Done,,2026-04-11 10:23:39,,,2026-04-11 10:28:18,2026-04-11 10:34:30
BEN-024,Benzathine,Benzathine C1,Done,,2026-04-11 10:25:05,,,2026-04-11 10:26:54,2026-04-11 10:33:46
CON-025,Consultation,R3 C5,Done,,2026-04-11 10:27:12,2026-04-11 10:27:48,2026-04-11 10:29:54,2026-04-11 13:14:58,2026-04-11 13:16:31
OPD-026,OPD Screening,R1 C2,Done,,2026-04-11 10:37:37,2026-04-11 10:37:37,2026-04-11 10:38:42,2026-04-11 10:38:42,2026-04-11 10:48:24
OPD-027,OPD Card,Admin C1,Done,,2026-04-11 10:39:59,,,2026-04-11 10:42:56,2026-04-11 10:44:00
OPD-028,OPD Screening,R1 C1,Done,,2026-04-11 10:43:41,2026-04-11 10:43:41,2026-04-11 10:45:56,2026-04-11 10:48:24,2026-04-11 10:54:46
WAR-029,Warfarin,Warfarin C1,Done,,2026-04-11 10:45:23,,,2026-04-11 10:47:26,2026-04-11 11:13:13
REF-030,Refill Prescription,Refill C1,Done,,2026-04-11 10:54:02,,,2026-04-11 10:56:46,2026-04-11 11:13:43
CON-031,Consultation,R3 C1,Done,,2026-04-11 11:01:13,2026-04-11 11:01:13,2026-04-11 11:02:23,2026-04-11 13:16:31,2026-04-11 13:27:57
OPD-032,OPD Card,Admin C1,Done,,2026-04-11 11:03:52,,,2026-04-11 11:13:43,2026-04-11 11:14:06
OPD-033,OPD Card,Admin C1,Done,,2026-04-11 11:04:27,,,2026-04-11 11:14:06,2026-04-11 11:15:36
CON-034,Consultation,R2 C5,Done,,2026-04-11 11:05:40,2026-04-11 11:05:40,2026-04-11 11:10:56,2026-04-11 13:27:57,2026-04-11 13:36:20
CON-035,Consultation,R4 C4,Done,,2026-04-11 11:11:32,2026-04-11 11:11:32,2026-04-11 11:13:32,2026-04-11 13:36:20,2026-04-11 13:42:39
OPD-036,OPD Screening,R1 C1,Done,,2026-04-11 11:12:07,2026-04-11 11:13:32,2026-04-11 11:24:49,2026-04-11 11:24:49,2026-04-11 11:31:06
CON-037,Consultation,R2 C1,Done,,2026-04-11 11:19:53,2026-04-11 11:24:49,2026-04-11 11:26:03,2026-04-11 13:42:39,2026-04-11 13:43:47
WAR-038,Warfarin,Warfarin C1,Done,,2026-04-11 11:21:38,,,2026-04-11 11:23:48,2026-04-11 11:24:37
ECG-039,ECG,ECG R1,Done,,2026-04-11 11:30:04,,,2026-04-11 11:31:57,2026-04-11 11:47:42
ECG-040,ECG,ECG R1,Done,,2026-04-11 11:32:11,,,2026-04-11 11:47:42,2026-04-11 11:56:10
WAR-041,Warfarin,Warfarin C1,Done,,2026-04-11 11:32:50,,,2026-04-11 11:35:25,2026-04-11 11:55:08
BEN-042,Benzathine,Benzathine C1,Done,,2026-04-11 11:32:54,,,2026-04-11 11:55:08,2026-04-11 12:03:44
CON-043,Consultation,R4 C4,Done,,2026-04-11 11:37:36,2026-04-11 11:37:36,2026-04-11 11:38:47,2026-04-11 13:43:47,2026-04-11 13:51:34
CON-044,Consultation,R1 C5,Done,,2026-04-11 11:42:33,2026-04-11 11:42:33,2026-04-11 11:46:31,2026-04-11 13:51:34,2026-04-11 14:12:58
CON-045,Consultation,R4 C1,Done,,2026-04-11 11:54:14,2026-04-11 11:54:14,2026-04-11 12:03:09,2026-04-11 14:12:58,2026-04-11 14:17:06
CON-046,Consultation,R3 C2,Done,,2026-04-11 11:54:43,2026-04-11 12:03:09,2026-04-11 12:10:34,2026-04-11 14:17:06,2026-04-11 14:55:34
WAR-047,Warfarin,Warfarin C1,Done,,2026-04-11 12:03:08,,,2026-04-11 12:05:28,2026-04-11 12:07:50
OPD-048,OPD Screening,R1 C3,Done,,2026-04-11 12:03:48,2026-04-11 12:10:34,2026-04-11 12:11:40,2026-04-11 12:11:40,2026-04-11 12:18:11
OPD-049,OPD Screening,R1 C1,Done,,2026-04-11 12:06:09,2026-04-11 12:11:40,2026-04-11 12:12:13,2026-04-11 12:18:11,2026-04-11 12:20:16
OPD-050,OPD Reschedule,Reschedule C1,Done,,2026-04-11 12:11:45,,,2026-04-11 12:13:48,2026-04-11 12:21:11
BEN-051,Benzathine,Benzathine C1,Done,,2026-04-11 12:14:52,,,2026-04-11 12:16:09,2026-04-11 12:17:05
CON-052,Consultation,R4 C4,Done,,2026-04-11 12:16:55,2026-04-11 12:16:55,2026-04-11 12:19:31,2026-04-11 14:55:34,2026-04-11 15:14:25
WAR-053,Warfarin,Warfarin C1,Done,,2026-04-11 12:25:02,,,2026-04-11 12:26:47,2026-04-11 12:55:11
CON-054,Consultation,R2 C3,Done,,2026-04-11 12:26:31,2026-04-11 12:26:31,2026-04-11 12:27:50,2026-04-11 15:14:25,2026-04-11 15:19:03
OPD-055,OPD Card,Admin C1,Done,,2026-04-11 12:33:11,,,2026-04-11 12:36:09,2026-04-11 12:37:51
OPD-056,OPD Reschedule,Reschedule C1,Done,,2026-04-11 12:42:29,,,2026-04-11 12:43:29,2026-04-11 12:44:11
REF-057,Refill Prescription,Refill C1,Done,,2026-04-11 12:53:25,,,2026-04-11 12:56:11,2026-04-11 13:04:09
CON-058,Consultation,R2 C4,Done,,2026-04-11 12:55:01,2026-04-11 12:55:01,2026-04-11 13:01:04,2026-04-11 15:19:03,2026-04-11 15:27:49
WAR-059,Warfarin,Warfarin C1,Done,,2026-04-11 12:59:22,,,2026-04-11 13:01:13,2026-04-11 13:14:24
WAR-060,Warfarin,Warfarin C1,Done,,2026-04-11 13:03:13,,,2026-04-11 13:14:24,2026-04-11 13:17:40
OPD-061,OPD Reschedule,Reschedule C1,Done,,2026-04-11 13:03:27,,,2026-04-11 13:05:38,2026-04-11 13:09:09
CON-062,Consultation,R2 C2,Done,,2026-04-11 13:03:45,2026-04-11 13:03:45,2026-04-11 13:04:12,2026-04-11 15:27:49,2026-04-11 15:40:54
WAR-063,Warfarin,Warfarin C1,Done,,2026-04-11 13:08:09,,,2026-04-11 13:17:40,2026-04-11 13:29:28
CON-064,Consultation,R4 C3,Done,,2026-04-11 13:11:18,2026-04-11 13:11:18,2026-04-11 13:13:37,2026-04-11 15:40:54,2026-04-11 16:11:41
CON-065,Consultation,R3 C3,Done,,2026-04-11 13:13:52,2026-04-11 13:13:52,2026-04-11 13:14:21,2026-04-11 16:11:41,2026-04-11 16:12:48
CON-066,Consultation,R4 C4,Done,,2026-04-11 13:21:30,2026-04-11 13:21:30,2026-04-11 13:22:12,2026-04-11 16:12:48,2026-04-11 16:20:43
REF-067,Refill Prescription,Refill C1,Done,,2026-04-11 13:26:03,,,2026-04-11 13:27:22,2026-04-11 13:27:31
OPD-068,OPD Card,Admin C1,Done,,2026-04-11 13:39:42,,,2026-04-11 13:40:55,2026-04-11 13:46:06
BEN-069,Benzathine,Benzathine C1,Done,,2026-04-11 13:45:24,,,2026-04-11 13:47:21,2026-04-11 14:13:59
CON-070,Consultation,R2 C4,Done,,2026-04-11 13:47:35,2026-04-11 13:47:35,2026-04-11 13:47:59,2026-04-11 16:20:43,2026-04-11 16:56:10
BEN-071,Benzathine,Benzathine C1,Done,,2026-04-11 13:59:39,,,2026-04-11 14:13:59,2026-04-11 14:27:04
ECG-072,ECG,ECG R1,Done,,2026-04-11 14:07:47,,,2026-04-11 14:09:52,2026-04-11 14:39:31
CON-073,Consultation,R1 C1,Done,,2026-04-11 14:17:15,2026-04-11 14:17:15,2026-04-11 14:18:15,2026-04-11 16:56:10,2026-04-11 17:15:18
CON-074,Consultation,R4 C4,Done,,2026-04-11 14:34:50,2026-04-11 14:34:50,2026-04-11 14:37:10,2026-04-11 17:15:18,2026-04-11 17:26:55
BEN-075,Benzathine,Benzathine C1,Done,,2026-04-11 14:41:43,,,2026-04-11 14:43:08,2026-04-11 15:04:30
CON-076,Consultation,R3 C5,Done,,2026-04-11 14:52:30,2026-04-11 14:52:30,2026-04-11 14:53:44,2026-04-11 17:26:55,2026-04-11 18:14:01
CON-077,Consultation,R3 C5,Done,,2026-04-11 14:52:41,2026-04-11 14:53:44,2026-04-11 14:55:03,2026-04-11 18:14:01,2026-04-11 18:48:06
ECG-078,ECG,ECG R1,Done,,2026-04-11 14:53:11,,,2026-04-11 14:54:28,2026-04-11 15:03:19
CON-079,Consultation,R2 C1,Done,,2026-04-11 14:56:58,2026-04-11 14:56:58,2026-04-11 14:58:06,2026-04-11 18:48:06,2026-04-11 19:01:00
CON-080,Consultation,R2 C3,Done,,2026-04-11 14:58:21,2026-04-11 14:58:21,2026-04-11 14:59:55,2026-04-11 19:01:00,2026-04-11 19:54:49
OPD-081,OPD Screening,R1 C1,Done,,2026-04-11 14:58:50,2026-04-11 14:59:55,2026-04-11 15:00:56,2026-04-11 15:00:56,2026-04-11 15:01:12
CON-082,Consultation,R4 C2,Done,,2026-04-11 15:11:43,2026-04-11 15:11:43,2026-04-11 15:26:18,2026-04-11 19:54:49,2026-04-11 20:22:23
OPD-083,OPD Card,Admin C1,Done,,2026-04-11 15:17:51,,,2026-04-11 15:19:50,2026-04-11 15:20:42
OPD-084,OPD Screening,R1 C2,Done,,2026-04-11 15:27:27,2026-04-11 15:27:27,2026-04-11 15:28:56,2026-04-11 15:28:56,2026-04-11 15:40:26
CON-085,Consultation,R3 C2,Done,,2026-04-11 15:32:12,2026-04-11 15:32:12,2026-04-11 15:40:38,2026-04-11 20:22:23,2026-04-11 20:22:38
CON-086,Consultation,R2 C1,Done,,2026-04-11 15:32:44,2026-04-11 15:40:38,2026-04-11 15:42:58,2026-04-11 20:22:38,2026-04-11 20:56:16
OPD-087,OPD Card,Admin C1,Done,,2026-04-11 15:36:57,,,2026-04-11 15:39:24,2026-04-11 15:49:45
CON-088,Consultation,R1 C2,Done,,2026-04-11 15:50:41,2026-04-11 15:50:41,2026-04-11 15:50:47,2026-04-11 20:56:16,2026-04-11 21:40:58
CON-089,Consultation,R1 C3,Done,,2026-04-11 15:58:54,2026-04-11 15:58:54,2026-04-11 16:00:47,2026-04-11 21:40:58,2026-04-11 21:45:38
ECG-090,ECG,ECG R1,Done,,2026-04-11 16:01:00,,,2026-04-11 16:02:15,2026-04-11 16:25:59
OPD-091,OPD Screening,R1 C1,Done,,2026-04-11 16:18:13,2026-04-11 16:18:13,2026-04-11 16:21:19,2026-04-11 16:21:19,2026-04-11 16:30:53
OPD-092,OPD Card,Admin C1,Done,,2026-04-11 16:18:31,,,2026-04-11 16:19:39,2026-04-11 16:36:04
CON-001,Consultation,R1 C4,Done,,2026-04-13 08:01:12,2026-04-13 08:01:12,2026-04-13 08:06:04,2026-04-13 08:06:04,2026-04-13 08:15:07
CON-002,Consultation,R3 C3,Done,,2026-04-13 08:02:25,2026-04-13 08:06:04,2026-04-13 08:06:15,2026-04-13 08:15:07,2026-04-13 08:30:10
BEN-003,Benzathine,Benzathine C1,Done,,2026-04-13 08:03:41,,,2026-04-13 08:05:28,2026-04-13 08:33:35
OPD-004,OPD Card,Admin C1,Done,,2026-04-13 08:05:33,,,2026-04-13 08:06:57,2026-04-13 08:08:24
REF-005,Refill Prescription,Refill C1,Done,,2026-04-13 08:06:24,,,2026-04-13 08:08:24,2026-04-13 08:17:55
ECG-006,ECG,ECG R1,Done,,2026-04-13 08:15:39,,,2026-04-13 08:17:38,2026-04-13 08:50:51
OPD-007,OPD Screening,R1 C3,Done,,2026-04-13 08:15:42,2026-04-13 08:15:42,2026-04-13 08:17:22,2026-04-13 08:17:22,2026-04-13 08:22:27
CON-008,Consultation,R4 C3,Done,,2026-04-13 08:17:07,2026-04-13 08:17:22,2026-04-13 08:22:17,2026-04-13 08:30:10,2026-04-13 08:50:42
CON-009,Consultation,R4 C5,Done,,2026-04-13 08:27:42,2026-04-13 08:27:42,2026-04-13 08:28:26,2026-04-13 08:50:42,2026-04-13 08:55:40
CON-010,Consultation,R1 C4,Done,,2026-04-13 08:33:05,2026-04-13 08:33:05,2026-04-13 08:42:57,2026-04-13 08:55:40,2026-04-13 09:17:40
CON-011,Consultation,R1 C5,Done,,2026-04-13 08:44:24,2026-04-13 08:44:24,2026-04-13 08:45:56,2026-04-13 09:17:40,2026-04-13 09:31:17
BEN-012,Benzathine,Benzathine C1,Done,,2026-04-13 08:50:33,,,2026-04-13 08:51:55,2026-04-13 08:57:45
OPD-013,OPD Screening,R1 C2,Done,,2026-04-13 08:57:04,2026-04-13 08:57:04,2026-04-13 09:00:50,2026-04-13 09:00:50,2026-04-13 09:01:50
BEN-014,Benzathine,Benzathine C1,Done,,2026-04-13 09:03:21,,,2026-04-13 09:05:44,2026-04-13 09:15:45
OPD-015,OPD Card,Admin C1,Done,,2026-04-13 09:04:04,,,2026-04-13 09:05:41,2026-04-13 09:06:04
BEN-016,Benzathine,Benzathine C1,Done,,2026-04-13 09:19:41,,,2026-04-13 09:22:01,2026-04-13 09:35:30
OPD-017,OPD Card,Admin C1,Done,,2026-04-13 09:21:25,,,2026-04-13 09:22:34,2026-04-13 09:26:04
OPD-018,OPD Screening,R1 C3,Done,,2026-04-13 09:24:47,2026-04-13 09:24:47,2026-04-13 09:31:08,2026-04-13 09:31:08,2026-04-13 09:49:42
OPD-019,OPD Reschedule,Reschedule C1,Done,,2026-04-13 09:25:40,,,2026-04-13 09:27:35,2026-04-13 09:30:21
WAR-020,Warfarin,Warfarin C1,Done,,2026-04-13 09:30:25,,,2026-04-13 09:35:30,2026-04-13 09:52:52
CON-021,Consultation,R4 C4,Done,,2026-04-13 09:32:58,2026-04-13 09:32:58,2026-04-13 09:37:30,2026-04-13 09:37:30,2026-04-13 09:46:55
OPD-022,OPD Reschedule,Reschedule C1,Done,,2026-04-13 09:35:29,,,2026-04-13 09:38:17,2026-04-13 09:39:36
CON-023,Consultation,R2 C2,Done,,2026-04-13 09:35:43,2026-04-13 09:37:30,2026-04-13 09:44:09,2026-04-13 09:46:55,2026-04-13 10:44:12
OPD-024,OPD Reschedule,Reschedule C1,Done,,2026-04-13 09:38:57,,,2026-04-13 09:41:16,2026-04-13 09:45:09
CON-025,Consultation,R1 C5,Done,,2026-04-13 09:41:57,2026-04-13 09:44:09,2026-04-13 09:47:17,2026-04-13 10:44:12,2026-04-13 10:47:37
WAR-026,Warfarin,Warfarin C1,Done,,2026-04-13 09:49:43,,,2026-04-13 09:52:52,2026-04-13 09:53:23
CON-027,Consultation,R1 C1,Done,,2026-04-13 09:52:14,2026-04-13 09:52:14,2026-04-13 09:52:46,2026-04-13 10:47:37,2026-04-13 10:48:24
OPD-028,OPD Screening,R1 C3,Done,,2026-04-13 10:01:42,2026-04-13 10:01:42,2026-04-13 10:08:32,2026-04-13 10:08:32,2026-04-13 10:15:34
OPD-029,OPD Card,Admin C1,Done,,2026-04-13 10:05:45,,,2026-04-13 10:08:11,2026-04-13 10:11:19
CON-030,Consultation,R2 C4,Done,,2026-04-13 10:05:50,2026-04-13 10:08:32,2026-04-13 10:11:25,2026-04-13 10:48:24,2026-04-13 10:55:31
OPD-031,OPD Reschedule,Reschedule C1,Done,,2026-04-13 10:08:23,,,2026-04-13 10:11:19,2026-04-13 10:12:54
CON-032,Consultation,R2 C5,Done,,2026-04-13 10:12:40,2026-04-13 10:12:40,2026-04-13 10:13:30,2026-04-13 10:55:31,2026-04-13 11:14:22
REF-033,Refill Prescription,Refill C1,Done,,2026-04-13 10:16:08,,,2026-04-13 10:17:46,2026-04-13 10:19:12
BEN-034,Benzathine,Benzathine C1,Done,,2026-04-13 10:32:09,,,2026-04-13 10:34:19,2026-04-13 10:49:04
OPD-035,OPD Card,Admin C1,Done,,2026-04-13 10:43:24,,,2026-04-13 10:46:09,2026-04-13 10:48:56
CON-036,Consultation,R1 C4,Done,,2026-04-13 10:47:56,2026-04-13 10:47:56,2026-04-13 10:48:30,2026-04-13 11:14:22,2026-04-13 11:38:39
BEN-037,Benzathine,Benzathine C1,Done,,2026-04-13 10:57:28,,,2026-04-13 10:59:54,2026-04-13 11:10:06
OPD-038,OPD Reschedule,Reschedule C1,Done,,2026-04-13 11:01:24,,,2026-04-13 11:03:19,2026-04-13 11:05:50
CON-039,Consultation,R3 C1,Done,,2026-04-13 11:01:54,2026-04-13 11:01:54,2026-04-13 11:06:04,2026-04-13 11:38:39,2026-04-13 11:39:42
CON-040,Consultation,R2 C3,Done,,2026-04-13 11:09:46,2026-04-13 11:09:46,2026-04-13 11:10:48,2026-04-13 11:39:42,2026-04-13 11:42:26
OPD-041,OPD Card,Admin C1,Done,,2026-04-13 11:11:02,,,2026-04-13 11:13:07,2026-04-13 11:19:28
BEN-042,Benzathine,Benzathine C1,Done,,2026-04-13 11:13:50,,,2026-04-13 11:15:43,2026-04-13 11:20:07
OPD-043,OPD Card,Admin C1,Done,,2026-04-13 11:18:26,,,2026-04-13 11:19:51,2026-04-13 11:23:40
CON-044,Consultation,R2 C2,Done,,2026-04-13 11:19:35,2026-04-13 11:19:35,2026-04-13 11:20:26,2026-04-13 11:42:26,2026-04-13 12:32:05
OPD-045,OPD Card,Admin C1,Done,,2026-04-13 11:21:35,,,2026-04-13 11:24:28,2026-04-13 11:27:42
ECG-046,ECG,ECG R1,Done,,2026-04-13 11:35:25,,,2026-04-13 11:36:50,2026-04-13 11:43:44
OPD-047,OPD Screening,R1 C3,Done,,2026-04-13 11:40:00,2026-04-13 11:40:00,2026-04-13 11:41:44,2026-04-13 11:41:44,2026-04-13 11:55:43
ECG-048,ECG,ECG R1,Done,,2026-04-13 11:43:15,,,2026-04-13 11:45:20,2026-04-13 11:46:06
CON-049,Consultation,R3 C2,Done,,2026-04-13 11:43:35,2026-04-13 11:43:35,2026-04-13 11:44:15,2026-04-13 12:32:05,2026-04-13 12:36:00
CON-050,Consultation,R3 C4,Done,,2026-04-13 11:52:31,2026-04-13 11:52:31,2026-04-13 11:54:08,2026-04-13 12:36:00,2026-04-13 12:48:50
OPD-051,OPD Reschedule,Reschedule C1,Done,,2026-04-13 11:55:29,,,2026-04-13 11:58:04,2026-04-13 12:04:47
CON-052,Consultation,R3 C2,Done,,2026-04-13 12:00:41,2026-04-13 12:00:41,2026-04-13 12:07:36,2026-04-13 12:48:50,2026-04-13 12:50:19
CON-053,Consultation,R4 C4,Done,,2026-04-13 12:03:13,2026-04-13 12:07:36,2026-04-13 12:21:29,2026-04-13 12:50:19,2026-04-13 12:50:42
CON-054,Consultation,R3 C1,Done,,2026-04-13 12:07:54,2026-04-13 12:21:29,2026-04-13 12:22:43,2026-04-13 12:50:42,2026-04-13 13:09:25
CON-055,Consultation,R2 C2,Done,,2026-04-13 12:09:25,2026-04-13 12:22:43,2026-04-13 12:25:06,2026-04-13 13:09:25,2026-04-13 13:16:04
ECG-056,ECG,ECG R1,Done,,2026-04-13 12:10:29,,,2026-04-13 12:12:22,2026-04-13 12:19:02
CON-057,Consultation,R1 C5,Done,,2026-04-13 12:12:18,2026-04-13 12:25:06,2026-04-13 12:29:44,2026-04-13 13:16:04,2026-04-13 13:31:58
CON-058,Consultation,R4 C4,Done,,2026-04-13 12:14:08,2026-04-13 12:29:44,2026-04-13 12:30:00,2026-04-13 13:31:58,2026-04-13 13:44:39
CON-059,Consultation,R4 C1,Done,,2026-04-13 12:16:33,2026-04-13 12:30:00,2026-04-13 12:33:12,2026-04-13 13:44:39,2026-04-13 14:05:29
BEN-060,Benzathine,Benzathine C1,Done,,2026-04-13 12:17:16,,,2026-04-13 12:18:37,2026-04-13 12:25:11
CON-061,Consultation,R4 C5,Done,,2026-04-13 12:24:24,2026-04-13 12:33:12,2026-04-13 12:33:31,2026-04-13 14:05:29,2026-04-13 14:15:23
OPD-062,OPD Reschedule,Reschedule C1,Done,,2026-04-13 12:24:25,,,2026-04-13 12:26:55,2026-04-13 12:49:14
ECG-063,ECG,ECG R1,Done,,2026-04-13 12:24:32,,,2026-04-13 12:26:11,2026-04-13 12:34:41
CON-064,Consultation,R3 C3,Done,,2026-04-13 12:28:39,2026-04-13 12:33:31,2026-04-13 12:35:48,2026-04-13 14:15:23,2026-04-13 14:23:52
CON-065,Consultation,R2 C4,Done,,2026-04-13 12:29:52,2026-04-13 12:35:48,2026-04-13 12:36:35,2026-04-13 14:23:52,2026-04-13 14:36:30
BEN-066,Benzathine,Benzathine C1,Done,,2026-04-13 12:30:38,,,2026-04-13 12:33:31,2026-04-13 12:36:03
CON-067,Consultation,R2 C2,Done,,2026-04-13 12:34:39,2026-04-13 12:36:35,2026-04-13 12:39:12,2026-04-13 14:36:30,2026-04-13 14:38:48
ECG-068,ECG,ECG R1,Done,,2026-04-13 12:35:07,,,2026-04-13 12:37:10,2026-04-13 12:39:14
CON-069,Consultation,R1 C4,Done,,2026-04-13 12:57:33,2026-04-13 12:57:33,2026-04-13 12:57:46,2026-04-13 14:38:48,2026-04-13 14:43:03
OPD-070,OPD Screening,R1 C2,Done,,2026-04-13 12:57:59,2026-04-13 12:57:59,2026-04-13 12:58:15,2026-04-13 12:58:15,2026-04-13 12:59:02
WAR-071,Warfarin,Warfarin C1,Done,,2026-04-13 12:58:00,,,2026-04-13 13:00:34,2026-04-13 13:38:02
WAR-072,Warfarin,Warfarin C1,Done,,2026-04-13 12:59:44,,,2026-04-13 13:38:02,2026-04-13 13:59:46
OPD-073,OPD Screening,R1 C3,Done,,2026-04-13 13:04:36,2026-04-13 13:04:36,2026-04-13 13:07:26,2026-04-13 13:07:26,2026-04-13 13:23:29
OPD-074,OPD Card,Admin C1,Done,,2026-04-13 13:06:52,,,2026-04-13 13:09:16,2026-04-13 13:13:49
OPD-075,OPD Reschedule,Reschedule C1,Done,,2026-04-13 13:07:24,,,2026-04-13 13:13:49,2026-04-13 13:27:29
CON-076,Consultation,R4 C4,Done,,2026-04-13 13:08:03,2026-04-13 13:08:03,2026-04-13 13:08:34,2026-04-13 14:43:03,2026-04-13 14:46:23
REF-077,Refill Prescription,Refill C1,Done,,2026-04-13 13:31:09,,,2026-04-13 13:33:32,2026-04-13 13:34:06
WAR-078,Warfarin,Warfarin C1,Done,,2026-04-13 13:32:14,,,2026-04-13 13:59:46,2026-04-13 14:02:22
OPD-079,OPD Card,Admin C1,Done,,2026-04-13 13:43:24,,,2026-04-13 13:44:33,2026-04-13 13:44:41
OPD-080,OPD Screening,R1 C3,Done,,2026-04-13 13:47:01,2026-04-13 13:47:01,2026-04-13 13:47:26,2026-04-13 13:47:26,2026-04-13 13:50:06
CON-081,Consultation,R1 C5,Done,,2026-04-13 13:57:54,2026-04-13 13:57:54,2026-04-13 13:58:27,2026-04-13 14:46:23,2026-04-13 14:48:15
CON-082,Consultation,R2 C5,Done,,2026-04-13 14:02:42,2026-04-13 14:02:42,2026-04-13 14:04:54,2026-04-13 14:48:15,2026-04-13 14:55:11
CON-083,Consultation,R2 C5,Done,,2026-04-13 14:07:58,2026-04-13 14:07:58,2026-04-13 14:08:17,2026-04-13 14:55:11,2026-04-13 14:56:15
ECG-084,ECG,ECG R1,Done,,2026-04-13 14:12:26,,,2026-04-13 14:14:45,2026-04-13 14:24:38
OPD-085,OPD Card,Admin C1,Done,,2026-04-13 14:13:38,,,2026-04-13 14:14:47,2026-04-13 14:19:32
CON-086,Consultation,R4 C5,Done,,2026-04-13 14:20:13,2026-04-13 14:20:13,2026-04-13 14:27:09,2026-04-13 14:56:15,2026-04-13 14:58:35
WAR-001,Warfarin,Warfarin C1,Done,,2026-04-14 08:09:22,,,2026-04-14 08:10:52,2026-04-14 08:11:01
CON-002,Consultation,R3 C1,Done,,2026-04-14 08:13:31,2026-04-14 08:13:31,2026-04-14 08:14:03,2026-04-14 08:14:03,2026-04-14 08:39:14
WAR-003,Warfarin,Warfarin C1,Done,,2026-04-14 08:16:57,,,2026-04-14 08:19:44,2026-04-14 08:25:58
ECG-004,ECG,ECG R1,Done,,2026-04-14 08:20:49,,,2026-04-14 08:23:21,2026-04-14 08:55:56
BEN-005,Benzathine,Benzathine C1,Done,,2026-04-14 08:25:45,,,2026-04-14 08:27:10,2026-04-14 08:33:48
CON-006,Consultation,R4 C1,Done,,2026-04-14 08:30:16,2026-04-14 08:30:16,2026-04-14 08:31:56,2026-04-14 08:39:14,2026-04-14 08:43:44
CON-007,Consultation,R1 C5,Done,,2026-04-14 08:32:05,2026-04-14 08:32:05,2026-04-14 08:32:55,2026-04-14 08:43:44,2026-04-14 09:21:32
BEN-008,Benzathine,Benzathine C1,Done,,2026-04-14 08:33:21,,,2026-04-14 08:34:27,2026-04-14 08:34:48
ECG-009,ECG,ECG R1,Done,,2026-04-14 08:34:37,,,2026-04-14 08:55:56,2026-04-14 09:13:18
CON-010,Consultation,R3 C3,Done,,2026-04-14 08:35:01,2026-04-14 08:35:01,2026-04-14 08:35:52,2026-04-14 09:21:32,2026-04-14 09:31:21
CON-011,Consultation,R2 C3,Done,,2026-04-14 08:41:38,2026-04-14 08:41:38,2026-04-14 08:47:04,2026-04-14 09:31:21,2026-04-14 09:32:47
CON-012,Consultation,R3 C2,Done,,2026-04-14 08:42:14,2026-04-14 08:47:04,2026-04-14 08:49:55,2026-04-14 09:32:47,2026-04-14 10:01:41
BEN-013,Benzathine,Benzathine C1,Done,,2026-04-14 08:53:27,,,2026-04-14 08:56:15,2026-04-14 09:07:01
OPD-014,OPD Reschedule,Reschedule C1,Done,,2026-04-14 09:00:52,,,2026-04-14 09:02:15,2026-04-14 09:03:56
CON-015,Consultation,R3 C1,Done,,2026-04-14 09:01:27,2026-04-14 09:01:27,2026-04-14 09:02:54,2026-04-14 10:01:41,2026-04-14 10:03:54
CON-016,Consultation,R1 C3,Done,,2026-04-14 09:06:37,2026-04-14 09:06:37,2026-04-14 09:08:07,2026-04-14 10:03:54,2026-04-14 10:51:35
CON-017,Consultation,R4 C2,Done,,2026-04-14 09:10:36,2026-04-14 09:10:36,2026-04-14 09:13:27,2026-04-14 10:51:35,2026-04-14 11:00:31
CON-018,Consultation,R1 C1,Done,,2026-04-14 09:16:25,2026-04-14 09:16:25,2026-04-14 09:23:23,2026-04-14 11:00:31,2026-04-14 11:08:20
BEN-019,Benzathine,Benzathine C1,Done,,2026-04-14 09:23:39,,,2026-04-14 09:25:04,2026-04-14 09:32:06
CON-020,Consultation,R4 C3,Done,,2026-04-14 09:37:19,2026-04-14 09:37:19,2026-04-14 09:39:25,2026-04-14 11:08:20,2026-04-14 11:27:00
CON-021,Consultation,R4 C3,Done,,2026-04-14 09:40:58,2026-04-14 09:40:58,2026-04-14 09:41:07,2026-04-14 11:27:00,2026-04-14 11:38:40
BEN-022,Benzathine,Benzathine C1,Done,,2026-04-14 09:42:22,,,2026-04-14 09:45:17,2026-04-14 09:50:06
CON-023,Consultation,R4 C1,Done,,2026-04-14 09:44:30,2026-04-14 09:44:30,2026-04-14 09:46:05,2026-04-14 11:38:40,2026-04-14 11:42:25
WAR-024,Warfarin,Warfarin C1,Done,,2026-04-14 09:49:53,,,2026-04-14 09:52:28,2026-04-14 09:58:24
CON-025,Consultation,R2 C2,Done,,2026-04-14 09:53:59,2026-04-14 09:53:59,2026-04-14 09:55:58,2026-04-14 11:42:25,2026-04-14 11:43:58
REF-026,Refill Prescription,Refill C1,Done,,2026-04-14 09:57:01,,,2026-04-14 09:58:18,2026-04-14 10:00:47
REF-027,Refill Prescription,Refill C1,Done,,2026-04-14 09:57:02,,,2026-04-14 10:00:47,2026-04-14 10:08:08
OPD-028,OPD Reschedule,Reschedule C1,Done,,2026-04-14 09:58:14,,,2026-04-14 10:08:08,2026-04-14 10:12:13
WAR-029,Warfarin,Warfarin C1,Done,,2026-04-14 10:07:58,,,2026-04-14 10:09:24,2026-04-14 10:13:55
BEN-030,Benzathine,Benzathine C1,Done,,2026-04-14 10:08:19,,,2026-04-14 10:13:55,2026-04-14 10:36:38
CON-031,Consultation,R1 C2,Done,,2026-04-14 10:20:31,2026-04-14 10:20:31,2026-04-14 10:20:59,2026-04-14 11:43:58,2026-04-14 11:52:11
OPD-032,OPD Card,Admin C1,Done,,2026-04-14 10:34:17,,,2026-04-14 10:36:54,2026-04-14 10:40:54
BEN-033,Benzathine,Benzathine C1,Done,,2026-04-14 10:34:51,,,2026-04-14 10:36:38,2026-04-14 10:42:17
CON-034,Consultation,R1 C5,Done,,2026-04-14 10:36:55,2026-04-14 10:36:55,2026-04-14 10:39:02,2026-04-14 11:52:11,2026-04-14 11:52:38
OPD-035,OPD Screening,R1 C2,Done,,2026-04-14 10:45:20,2026-04-14 10:45:20,2026-04-14 10:46:57,2026-04-14 10:46:57,2026-04-14 10:57:31
CON-036,Consultation,R2 C1,Done,,2026-04-14 10:57:11,2026-04-14 10:57:11,2026-04-14 11:13:37,2026-04-14 11:52:38,2026-04-14 12:00:05
BEN-037,Benzathine,Benzathine C1,Done,,2026-04-14 10:57:34,,,2026-04-14 10:59:32,2026-04-14 11:09:22
BEN-038,Benzathine,Benzathine C1,Done,,2026-04-14 11:03:36,,,2026-04-14 11:09:22,2026-04-14 11:10:08
CON-039,Consultation,R3 C5,Done,,2026-04-14 11:06:00,2026-04-14 11:13:37,2026-04-14 11:13:40,2026-04-14 12:00:05,2026-04-14 12:17:37
BEN-040,Benzathine,Benzathine C1,Done,,2026-04-14 11:14:19,,,2026-04-14 11:17:07,2026-04-14 11:58:06
OPD-041,OPD Reschedule,Reschedule C1,Done,,2026-04-14 11:17:10,,,2026-04-14 11:19:54,2026-04-14 11:24:46
OPD-042,OPD Card,Admin C1,Done,,2026-04-14 11:21:41,,,2026-04-14 11:24:46,2026-04-14 11:34:00
OPD-043,OPD Reschedule,Reschedule C1,Done,,2026-04-14 11:24:56,,,2026-04-14 11:34:00,2026-04-14 11:36:02
ECG-044,ECG,ECG R1,Done,,2026-04-14 11:25:40,,,2026-04-14 11:26:43,2026-04-14 11:52:39
ECG-045,ECG,ECG R1,Done,,2026-04-14 11:25:45,,,2026-04-14 11:52:39,2026-04-14 11:57:28
CON-046,Consultation,R4 C3,Done,,2026-04-14 11:43:33,2026-04-14 11:43:33,2026-04-14 11:45:21,2026-04-14 12:17:37,2026-04-14 12:43:25
OPD-047,OPD Card,Admin C1,Done,,2026-04-14 11:46:22,,,2026-04-14 11:49:18,2026-04-14 11:52:49
ECG-048,ECG,ECG R1,Done,,2026-04-14 11:55:00,,,2026-04-14 11:57:28,2026-04-14 11:59:14
OPD-049,OPD Screening,R1 C3,Done,,2026-04-14 12:01:10,2026-04-14 12:01:10,2026-04-14 12:03:23,2026-04-14 12:03:23,2026-04-14 12:21:41
CON-050,Consultation,R2 C4,Done,,2026-04-14 12:07:13,2026-04-14 12:07:13,2026-04-14 12:09:18,2026-04-14 12:43:25,2026-04-14 12:55:08
CON-051,Consultation,R1 C3,Done,,2026-04-14 12:21:40,2026-04-14 12:21:40,2026-04-14 12:23:11,2026-04-14 12:55:08,2026-04-14 13:04:33
CON-052,Consultation,R4 C3,Done,,2026-04-14 12:35:48,2026-04-14 12:35:48,2026-04-14 12:39:02,2026-04-14 13:04:33,2026-04-14 13:18:12
WAR-053,Warfarin,Warfarin C1,Done,,2026-04-14 12:46:35,,,2026-04-14 12:48:29,2026-04-14 13:17:15
CON-054,Consultation,R4 C1,Done,,2026-04-14 13:02:48,2026-04-14 13:02:48,2026-04-14 13:03:41,2026-04-14 13:18:12,2026-04-14 13:49:26
CON-055,Consultation,R4 C2,Done,,2026-04-14 13:04:02,2026-04-14 13:04:02,2026-04-14 13:05:18,2026-04-14 13:49:26,2026-04-14 14:17:41
CON-056,Consultation,R1 C2,Done,,2026-04-14 13:04:09,2026-04-14 13:05:18,2026-04-14 13:11:41,2026-04-14 14:17:41,2026-04-14 14:30:28
CON-057,Consultation,R4 C4,Done,,2026-04-14 13:07:12,2026-04-14 13:11:41,2026-04-14 13:12:48,2026-04-14 14:30:28,2026-04-14 14:35:53
BEN-058,Benzathine,Benzathine C1,Done,,2026-04-14 13:19:05,,,2026-04-14 13:21:56,2026-04-14 13:24:33
ECG-059,ECG,ECG R1,Done,,2026-04-14 13:22:13,,,2026-04-14 13:24:16,2026-04-14 13:51:03
CON-060,Consultation,R1 C1,Done,,2026-04-14 13:26:38,2026-04-14 13:26:38,2026-04-14 13:27:42,2026-04-14 14:35:53,2026-04-14 14:36:12
OPD-061,OPD Reschedule,Reschedule C1,Done,,2026-04-14 13:27:25,,,2026-04-14 13:29:22,2026-04-14 13:51:42
CON-062,Consultation,R2 C2,Done,,2026-04-14 13:34:43,2026-04-14 13:34:43,2026-04-14 13:39:01,2026-04-14 14:36:12,2026-04-14 14:37:16
CON-063,Consultation,R4 C1,Done,,2026-04-14 13:35:09,2026-04-14 13:39:01,2026-04-14 13:41:12,2026-04-14 14:37:16,2026-04-14 15:08:20
CON-064,Consultation,R1 C2,Done,,2026-04-14 13:36:32,2026-04-14 13:41:12,2026-04-14 13:43:15,2026-04-14 15:08:20,2026-04-14 15:14:38
OPD-065,OPD Card,Admin C1,Done,,2026-04-14 13:37:50,,,2026-04-14 13:51:42,2026-04-14 13:52:42
CON-066,Consultation,R2 C3,Done,,2026-04-14 13:45:08,2026-04-14 13:45:08,2026-04-14 13:45:52,2026-04-14 15:14:38,2026-04-14 15:20:58
OPD-067,OPD Screening,R1 C1,Done,,2026-04-14 13:56:21,2026-04-14 13:56:21,2026-04-14 13:58:25,2026-04-14 13:58:25,2026-04-14 14:06:38
CON-068,Consultation,R3 C5,Done,,2026-04-14 14:06:30,2026-04-14 14:06:30,2026-04-14 14:07:19,2026-04-14 15:20:58,2026-04-14 15:30:16
ECG-069,ECG,ECG R1,Done,,2026-04-14 14:12:02,,,2026-04-14 14:13:57,2026-04-14 14:36:59
OPD-070,OPD Screening,R1 C2,Done,,2026-04-14 14:12:37,2026-04-14 14:12:37,2026-04-14 14:15:41,2026-04-14 14:15:41,2026-04-14 14:16:11
CON-071,Consultation,R3 C4,Done,,2026-04-14 14:14:52,2026-04-14 14:15:41,2026-04-14 14:15:48,2026-04-14 15:30:16,2026-04-14 15:45:15
REF-072,Refill Prescription,Refill C1,Done,,2026-04-14 14:21:05,,,2026-04-14 14:23:06,2026-04-14 14:31:29
CON-073,Consultation,R3 C3,Done,,2026-04-14 14:21:06,2026-04-14 14:21:06,2026-04-14 14:22:42,2026-04-14 15:45:15,2026-04-14 15:56:03
ECG-074,ECG,ECG R1,Done,,2026-04-14 14:21:57,,,2026-04-14 14:36:59,2026-04-14 14:38:41
OPD-075,OPD Screening,R1 C1,Done,,2026-04-14 14:25:31,2026-04-14 14:25:31,2026-04-14 14:27:49,2026-04-14 14:27:49,2026-04-14 14:31:12
OPD-076,OPD Reschedule,Reschedule C1,Done,,2026-04-14 14:27:43,,,2026-04-14 14:31:29,2026-04-14 14:31:58
OPD-077,OPD Screening,R1 C1,Done,,2026-04-14 14:30:14,2026-04-14 14:30:14,2026-04-14 14:32:50,2026-04-14 14:32:50,2026-04-14 14:33:51
CON-078,Consultation,R3 C2,Done,,2026-04-14 14:38:08,2026-04-14 14:38:08,2026-04-14 14:38:25,2026-04-14 15:56:03,2026-04-14 16:17:52
CON-079,Consultation,R3 C1,Done,,2026-04-14 14:46:15,2026-04-14 14:46:15,2026-04-14 14:48:57,2026-04-14 16:17:52,2026-04-14 17:21:02
CON-080,Consultation,R3 C2,Done,,2026-04-14 14:46:19,2026-04-14 14:48:57,2026-04-14 14:53:58,2026-04-14 17:21:02,2026-04-14 17:31:13
CON-081,Consultation,R2 C5,Done,,2026-04-14 14:46:43,2026-04-14 14:53:58,2026-04-14 14:55:35,2026-04-14 17:31:13,2026-04-14 17:47:40
CON-082,Consultation,R4 C4,Done,,2026-04-14 14:55:33,2026-04-14 14:55:35,2026-04-14 14:56:36,2026-04-14 17:47:40,2026-04-14 17:49:01
OPD-083,OPD Screening,R1 C2,Done,,2026-04-14 14:58:31,2026-04-14 14:58:31,2026-04-14 15:04:55,2026-04-14 15:04:55,2026-04-14 15:09:02
WAR-084,Warfarin,Warfarin C1,Done,,2026-04-14 14:58:58,,,2026-04-14 15:00:24,2026-04-14 15:01:52
WAR-001,Warfarin,Warfarin C1,Done,,2026-04-15 08:17:20,,,2026-04-15 08:18:40,2026-04-15 08:21:37
WAR-002,Warfarin,Warfarin C1,Done,,2026-04-15 08:28:52,,,2026-04-15 08:31:08,2026-04-15 08:33:01
OPD-003,OPD Card,Admin C1,Done,,2026-04-15 08:42:43,,,2026-04-15 08:43:46,2026-04-15 08:43:50
WAR-004,Warfarin,Warfarin C1,Done,,2026-04-15 08:51:34,,,2026-04-15 08:54:05,2026-04-15 09:14:31
CON-005,Consultation,R1 C4,Done,,2026-04-15 09:03:52,2026-04-15 09:03:52,2026-04-15 09:11:26,2026-04-15 09:11:26,2026-04-15 09:17:43
CON-006,Consultation,R4 C2,Done,,2026-04-15 09:06:06,2026-04-15 09:11:26,2026-04-15 09:15:25,2026-04-15 09:17:43,2026-04-15 09:45:06
WAR-007,Warfarin,Warfarin C1,Done,,2026-04-15 09:06:14,,,2026-04-15 09:14:31,2026-04-15 09:21:39
CON-008,Consultation,R4 C2,Done,,2026-04-15 09:12:22,2026-04-15 09:15:25,2026-04-15 09:20:32,2026-04-15 09:45:06,2026-04-15 10:01:37
WAR-009,Warfarin,Warfarin C1,Done,,2026-04-15 09:16:22,,,2026-04-15 09:21:39,2026-04-15 09:24:45
OPD-010,OPD Screening,R1 C1,Done,,2026-04-15 09:19:30,2026-04-15 09:20:32,2026-04-15 09:21:02,2026-04-15 09:21:02,2026-04-15 09:33:50
OPD-011,OPD Card,Admin C1,Done,,2026-04-15 09:31:31,,,2026-04-15 09:33:16,2026-04-15 09:48:45
OPD-012,OPD Screening,R1 C1,Done,,2026-04-15 09:33:21,2026-04-15 09:33:21,2026-04-15 09:36:48,2026-04-15 09:36:48,2026-04-15 09:49:21
BEN-013,Benzathine,Benzathine C1,Done,,2026-04-15 09:39:05,,,2026-04-15 09:41:04,2026-04-15 09:47:29
OPD-014,OPD Screening,R1 C1,Done,,2026-04-15 09:40:28,2026-04-15 09:40:28,2026-04-15 09:41:08,2026-04-15 09:49:21,2026-04-15 10:02:54
ECG-015,ECG,ECG R1,Done,,2026-04-15 09:42:37,,,2026-04-15 09:43:58,2026-04-15 10:10:17
WAR-016,Warfarin,Warfarin C1,Done,,2026-04-15 09:47:21,,,2026-04-15 09:50:07,2026-04-15 09:51:04
CON-017,Consultation,R2 C2,Done,,2026-04-15 09:48:25,2026-04-15 09:48:25,2026-04-15 09:48:47,2026-04-15 10:01:37,2026-04-15 10:35:50
CON-018,Consultation,R4 C5,Done,,2026-04-15 09:49:06,2026-04-15 09:49:06,2026-04-15 09:49:39,2026-04-15 10:35:50,2026-04-15 10:44:02
OPD-019,OPD Card,Admin C1,Done,,2026-04-15 10:00:07,,,2026-04-15 10:02:27,2026-04-15 10:03:50
CON-020,Consultation,R4 C4,Done,,2026-04-15 10:02:09,2026-04-15 10:02:09,2026-04-15 10:06:26,2026-04-15 10:44:02,2026-04-15 11:00:39
CON-021,Consultation,R1 C3,Done,,2026-04-15 10:02:51,2026-04-15 10:06:26,2026-04-15 10:09:03,2026-04-15 11:00:39,2026-04-15 11:30:52
CON-022,Consultation,R4 C5,Done,,2026-04-15 10:05:45,2026-04-15 10:09:03,2026-04-15 10:09:40,2026-04-15 11:30:52,2026-04-15 11:43:32
OPD-023,OPD Card,Admin C1,Done,,2026-04-15 10:07:01,,,2026-04-15 10:09:43,2026-04-15 10:11:55
CON-024,Consultation,R2 C5,Done,,2026-04-15 10:13:30,2026-04-15 10:13:30,2026-04-15 10:17:57,2026-04-15 11:43:32,2026-04-15 11:51:49
WAR-025,Warfarin,Warfarin C1,Done,,2026-04-15 10:17:46,,,2026-04-15 10:19:26,2026-04-15 10:36:24
CON-026,Consultation,R1 C3,Done,,2026-04-15 10:19:51,2026-04-15 10:19:51,2026-04-15 10:26:53,2026-04-15 11:51:49,2026-04-15 12:05:00
OPD-027,OPD Card,Admin C1,Done,,2026-04-15 10:24:43,,,2026-04-15 10:26:34,2026-04-15 10:27:42
CON-028,Consultation,R1 C4,Done,,2026-04-15 10:28:05,2026-04-15 10:28:05,2026-04-15 10:31:48,2026-04-15 12:05:00,2026-04-15 12:08:55
CON-029,Consultation,R1 C3,Done,,2026-04-15 10:29:23,2026-04-15 10:31:48,2026-04-15 10:35:37,2026-04-15 12:08:55,2026-04-15 12:19:00
CON-030,Consultation,R2 C2,Done,,2026-04-15 10:29:34,2026-04-15 10:35:37,2026-04-15 10:38:13,2026-04-15 12:19:00,2026-04-15 12:25:06
CON-031,Consultation,R4 C5,Done,,2026-04-15 10:36:13,2026-04-15 10:38:13,2026-04-15 10:39:45,2026-04-15 12:25:06,2026-04-15 12:40:12
CON-032,Consultation,R1 C5,Done,,2026-04-15 10:41:33,2026-04-15 10:41:33,2026-04-15 10:43:53,2026-04-15 12:40:12,2026-04-15 12:54:20
CON-033,Consultation,R1 C1,Done,,2026-04-15 10:45:44,2026-04-15 10:45:44,2026-04-15 10:48:42,2026-04-15 12:54:20,2026-04-15 12:59:20
CON-034,Consultation,R3 C4,Done,,2026-04-15 11:05:02,2026-04-15 11:05:02,2026-04-15 11:06:25,2026-04-15 12:59:20,2026-04-15 13:05:38
CON-035,Consultation,R3 C2,Done,,2026-04-15 11:05:41,2026-04-15 11:06:25,2026-04-15 11:06:31,2026-04-15 13:05:38,2026-04-15 13:25:57
CON-036,Consultation,R3 C3,Done,,2026-04-15 11:15:56,2026-04-15 11:15:56,2026-04-15 11:17:23,2026-04-15 13:25:57,2026-04-15 13:34:35
ECG-037,ECG,ECG R1,Done,,2026-04-15 11:18:38,,,2026-04-15 11:19:50,2026-04-15 11:38:49
REF-038,Refill Prescription,Refill C1,Done,,2026-04-15 11:25:49,,,2026-04-15 11:27:47,2026-04-15 11:27:57
CON-039,Consultation,R2 C4,Done,,2026-04-15 11:28:39,2026-04-15 11:28:39,2026-04-15 11:35:12,2026-04-15 13:34:35,2026-04-15 13:39:22
WAR-040,Warfarin,Warfarin C1,Done,,2026-04-15 11:32:35,,,2026-04-15 11:33:57,2026-04-15 11:49:56
OPD-041,OPD Card,Admin C1,Done,,2026-04-15 11:33:36,,,2026-04-15 11:35:54,2026-04-15 11:36:19
CON-042,Consultation,R3 C2,Done,,2026-04-15 11:34:45,2026-04-15 11:35:12,2026-04-15 11:40:09,2026-04-15 13:39:22,2026-04-15 14:12:58
BEN-043,Benzathine,Benzathine C1,Done,,2026-04-15 11:35:01,,,2026-04-15 11:49:56,2026-04-15 12:07:49
BEN-044,Benzathine,Benzathine C1,Done,,2026-04-15 11:48:49,,,2026-04-15 12:07:49,2026-04-15 12:17:53
CON-045,Consultation,R3 C3,Done,,2026-04-15 11:52:44,2026-04-15 11:52:44,2026-04-15 11:54:25,2026-04-15 14:12:58,2026-04-15 14:19:44
WAR-046,Warfarin,Warfarin C1,Done,,2026-04-15 11:55:23,,,2026-04-15 12:17:53,2026-04-15 12:30:08
CON-047,Consultation,R2 C1,Done,,2026-04-15 11:58:56,2026-04-15 11:58:56,2026-04-15 11:59:20,2026-04-15 14:19:44,2026-04-15 14:27:06
BEN-048,Benzathine,Benzathine C1,Done,,2026-04-15 11:59:12,,,2026-04-15 12:30:08,2026-04-15 12:37:33
CON-049,Consultation,R4 C1,Done,,2026-04-15 12:02:03,2026-04-15 12:02:03,2026-04-15 12:07:29,2026-04-15 14:27:06,2026-04-15 14:39:28
OPD-050,OPD Card,Admin C1,Done,,2026-04-15 12:02:18,,,2026-04-15 12:03:55,2026-04-15 12:05:16
ECG-051,ECG,ECG R1,Done,,2026-04-15 12:07:16,,,2026-04-15 12:08:58,2026-04-15 12:29:12
OPD-052,OPD Card,Admin C1,Done,,2026-04-15 12:07:35,,,2026-04-15 12:09:38,2026-04-15 12:12:31
CON-053,Consultation,R4 C3,Done,,2026-04-15 12:09:53,2026-04-15 12:09:53,2026-04-15 12:12:30,2026-04-15 14:39:28,2026-04-15 14:44:40
OPD-054,OPD Screening,R1 C2,Done,,2026-04-15 12:29:25,2026-04-15 12:29:25,2026-04-15 12:30:38,2026-04-15 12:30:38,2026-04-15 12:41:38
OPD-055,OPD Reschedule,Reschedule C1,Done,,2026-04-15 12:30:37,,,2026-04-15 12:32:09,2026-04-15 12:36:06
CON-056,Consultation,R2 C2,Done,,2026-04-15 12:32:35,2026-04-15 12:32:35,2026-04-15 12:36:07,2026-04-15 14:44:40,2026-04-15 14:52:37
BEN-057,Benzathine,Benzathine C1,Done,,2026-04-15 12:36:47,,,2026-04-15 12:37:58,2026-04-15 13:01:49
OPD-058,OPD Reschedule,Reschedule C1,Done,,2026-04-15 12:41:22,,,2026-04-15 12:42:30,2026-04-15 12:51:06
CON-059,Consultation,R1 C2,Done,,2026-04-15 12:44:05,2026-04-15 12:44:05,2026-04-15 12:45:25,2026-04-15 14:52:37,2026-04-15 14:56:43
CON-060,Consultation,R4 C3,Done,,2026-04-15 12:44:35,2026-04-15 12:45:25,2026-04-15 12:46:23,2026-04-15 14:56:43,2026-04-15 15:27:09
CON-061,Consultation,R1 C5,Done,,2026-04-15 12:45:25,2026-04-15 12:46:23,2026-04-15 12:46:54,2026-04-15 15:27:09,2026-04-15 15:45:38
OPD-062,OPD Reschedule,Reschedule C1,Done,,2026-04-15 12:53:04,,,2026-04-15 12:55:23,2026-04-15 13:00:20
CON-063,Consultation,R4 C4,Done,,2026-04-15 12:54:29,2026-04-15 12:54:29,2026-04-15 12:56:13,2026-04-15 15:45:38,2026-04-15 16:29:08
CON-064,Consultation,R4 C3,Done,,2026-04-15 13:16:05,2026-04-15 13:16:05,2026-04-15 13:17:41,2026-04-15 16:29:08,2026-04-15 16:34:03
OPD-065,OPD Screening,R1 C2,Done,,2026-04-15 13:22:56,2026-04-15 13:22:56,2026-04-15 13:24:47,2026-04-15 13:24:47,2026-04-15 13:33:11
CON-066,Consultation,R3 C4,Done,,2026-04-15 13:25:53,2026-04-15 13:25:53,2026-04-15 13:30:04,2026-04-15 16:34:03,2026-04-15 16:57:41
CON-067,Consultation,R1 C2,Done,,2026-04-15 13:42:49,2026-04-15 13:42:49,2026-04-15 13:43:20,2026-04-15 16:57:41,2026-04-15 17:32:40
OPD-001,OPD Reschedule,Reschedule C1,Done,,2026-04-16 08:02:05,,,2026-04-16 08:04:05,2026-04-16 08:07:13
CON-002,Consultation,R4 C5,Done,,2026-04-16 08:08:19,2026-04-16 08:08:19,2026-04-16 08:10:09,2026-04-16 08:10:09,2026-04-16 08:25:05
CON-003,Consultation,R3 C1,Done,,2026-04-16 08:10:53,2026-04-16 08:10:53,2026-04-16 08:17:46,2026-04-16 08:25:05,2026-04-16 09:15:48
CON-004,Consultation,R4 C4,Done,,2026-04-16 08:16:27,2026-04-16 08:17:46,2026-04-16 08:17:46,2026-04-16 09:15:48,2026-04-16 09:26:19
WAR-005,Warfarin,Warfarin C1,Done,,2026-04-16 08:16:35,,,2026-04-16 08:17:38,2026-04-16 08:20:00
OPD-006,OPD Reschedule,Reschedule C1,Done,,2026-04-16 08:18:20,,,2026-04-16 08:20:45,2026-04-16 08:23:00
BEN-007,Benzathine,Benzathine C1,Done,,2026-04-16 08:29:36,,,2026-04-16 08:31:01,2026-04-16 09:09:35
CON-008,Consultation,R2 C4,Done,,2026-04-16 08:37:46,2026-04-16 08:37:46,2026-04-16 08:38:52,2026-04-16 09:26:19,2026-04-16 09:50:55
ECG-009,ECG,ECG R1,Done,,2026-04-16 08:38:02,,,2026-04-16 08:40:49,2026-04-16 09:18:09
CON-010,Consultation,R3 C2,Done,,2026-04-16 08:44:53,2026-04-16 08:44:53,2026-04-16 08:45:47,2026-04-16 09:50:55,2026-04-16 10:44:11
CON-011,Consultation,R3 C4,Done,,2026-04-16 08:50:36,2026-04-16 08:50:36,2026-04-16 08:51:18,2026-04-16 10:44:11,2026-04-16 11:04:46
CON-012,Consultation,R2 C1,Done,,2026-04-16 08:57:12,2026-04-16 08:57:12,2026-04-16 09:00:08,2026-04-16 11:04:46,2026-04-16 11:15:33
CON-013,Consultation,R1 C1,Done,,2026-04-16 09:05:51,2026-04-16 09:05:51,2026-04-16 09:16:25,2026-04-16 11:15:33,2026-04-16 11:22:20
WAR-014,Warfarin,Warfarin C1,Done,,2026-04-16 09:16:25,,,2026-04-16 09:18:09,2026-04-16 09:22:04
CON-015,Consultation,R2 C3,Done,,2026-04-16 09:18:50,2026-04-16 09:18:50,2026-04-16 09:19:06,2026-04-16 11:22:20,2026-04-16 12:30:01
WAR-016,Warfarin,Warfarin C1,Done,,2026-04-16 09:30:18,,,2026-04-16 09:32:44,2026-04-16 09:50:08
BEN-017,Benzathine,Benzathine C1,Done,,2026-04-16 09:32:24,,,2026-04-16 09:50:08,2026-04-16 09:51:58
REF-018,Refill Prescription,Refill C1,Done,,2026-04-16 09:34:03,,,2026-04-16 09:36:46,2026-04-16 09:38:03
ECG-019,ECG,ECG R1,Done,,2026-04-16 09:35:55,,,2026-04-16 09:38:00,2026-04-16 09:48:42
CON-020,Consultation,R4 C3,Done,,2026-04-16 09:37:18,2026-04-16 09:37:18,2026-04-16 09:40:17,2026-04-16 12:30:01,2026-04-16 12:57:51
ECG-021,ECG,ECG R1,Done,,2026-04-16 09:38:56,,,2026-04-16 09:48:42,2026-04-16 09:59:51
BEN-022,Benzathine,Benzathine C1,Done,,2026-04-16 09:42:50,,,2026-04-16 09:51:58,2026-04-16 09:52:37
REF-023,Refill Prescription,Refill C1,Done,,2026-04-16 09:47:24,,,2026-04-16 09:48:27,2026-04-16 09:50:14
OPD-024,OPD Screening,R1 C2,Done,,2026-04-16 09:52:15,2026-04-16 09:52:15,2026-04-16 09:54:45,2026-04-16 09:54:45,2026-04-16 10:01:14
CON-025,Consultation,R1 C1,Done,,2026-04-16 09:52:28,2026-04-16 09:54:45,2026-04-16 09:58:26,2026-04-16 12:57:51,2026-04-16 13:06:14
OPD-026,OPD Card,Admin C1,Done,,2026-04-16 09:55:47,,,2026-04-16 09:58:22,2026-04-16 09:59:52
OPD-027,OPD Card,Admin C1,Done,,2026-04-16 09:56:07,,,2026-04-16 09:59:52,2026-04-16 10:01:18
OPD-028,OPD Screening,R1 C2,Done,,2026-04-16 10:01:25,2026-04-16 10:01:25,2026-04-16 10:02:35,2026-04-16 10:02:35,2026-04-16 10:23:40
CON-029,Consultation,R1 C1,Done,,2026-04-16 10:01:41,2026-04-16 10:02:35,2026-04-16 10:03:01,2026-04-16 13:06:14,2026-04-16 13:21:01
ECG-030,ECG,ECG R1,Done,,2026-04-16 10:05:10,,,2026-04-16 10:07:48,2026-04-16 10:08:25
CON-031,Consultation,R2 C3,Done,,2026-04-16 10:06:43,2026-04-16 10:06:43,2026-04-16 10:18:55,2026-04-16 13:21:01,2026-04-16 13:23:36
OPD-032,OPD Card,Admin C1,Done,,2026-04-16 10:09:36,,,2026-04-16 10:10:52,2026-04-16 10:14:21
CON-033,Consultation,R1 C3,Done,,2026-04-16 10:19:12,2026-04-16 10:19:12,2026-04-16 10:20:01,2026-04-16 13:23:36,2026-04-16 13:29:01
REF-034,Refill Prescription,Refill C1,Done,,2026-04-16 10:26:35,,,2026-04-16 10:27:54,2026-04-16 10:36:38
CON-035,Consultation,R4 C2,Done,,2026-04-16 10:29:30,2026-04-16 10:29:30,2026-04-16 10:29:31,2026-04-16 13:29:01,2026-04-16 14:12:38
REF-036,Refill Prescription,Refill C1,Done,,2026-04-16 10:32:52,,,2026-04-16 10:36:38,2026-04-16 10:37:43
OPD-037,OPD Screening,R1 C2,Done,,2026-04-16 10:33:19,2026-04-16 10:33:19,2026-04-16 10:33:23,2026-04-16 10:33:23,2026-04-16 10:41:52
OPD-038,OPD Card,Admin C1,Done,,2026-04-16 10:33:51,,,2026-04-16 10:37:43,2026-04-16 10:39:20
OPD-039,OPD Screening,R1 C1,Done,,2026-04-16 10:36:42,2026-04-16 10:36:42,2026-04-16 10:38:07,2026-04-16 10:41:52,2026-04-16 10:57:29
BEN-040,Benzathine,Benzathine C1,Done,,2026-04-16 10:40:13,,,2026-04-16 10:41:39,2026-04-16 11:09:20
OPD-041,OPD Card,Admin C1,Done,,2026-04-16 10:41:34,,,2026-04-16 10:44:21,2026-04-16 10:54:32
CON-042,Consultation,R4 C2,Done,,2026-04-16 10:44:47,2026-04-16 10:44:47,2026-04-16 10:45:16,2026-04-16 14:12:38,2026-04-16 14:37:56
OPD-043,OPD Screening,R1 C1,Done,,2026-04-16 10:49:52,2026-04-16 10:49:52,2026-04-16 10:50:43,2026-04-16 10:57:29,2026-04-16 11:02:27
CON-044,Consultation,R2 C2,Done,,2026-04-16 10:57:35,2026-04-16 10:57:35,2026-04-16 11:04:56,2026-04-16 14:37:56,2026-04-16 14:43:51
BEN-045,Benzathine,Benzathine C1,Done,,2026-04-16 11:07:35,,,2026-04-16 11:10:02,2026-04-16 11:13:22
OPD-046,OPD Screening,R1 C3,Done,,2026-04-16 11:07:56,2026-04-16 11:07:56,2026-04-16 11:08:20,2026-04-16 11:08:20,2026-04-16 11:13:20
ECG-047,ECG,ECG R1,Done,,2026-04-16 11:17:01,,,2026-04-16 11:18:38,2026-04-16 11:20:23
WAR-048,Warfarin,Warfarin C1,Done,,2026-04-16 11:18:58,,,2026-04-16 11:21:19,2026-04-16 11:27:00
ECG-049,ECG,ECG R1,Done,,2026-04-16 11:27:05,,,2026-04-16 11:29:39,2026-04-16 11:35:00
CON-050,Consultation,R3 C5,Done,,2026-04-16 11:31:24,2026-04-16 11:31:24,2026-04-16 11:35:39,2026-04-16 14:43:51,2026-04-16 14:58:22
CON-051,Consultation,R3 C5,Done,,2026-04-16 11:47:11,2026-04-16 11:47:11,2026-04-16 11:47:20,2026-04-16 14:58:22,2026-04-16 15:14:10
ECG-052,ECG,ECG R1,Done,,2026-04-16 11:50:44,,,2026-04-16 11:51:53,2026-04-16 12:18:12
CON-053,Consultation,R3 C2,Done,,2026-04-16 11:50:51,2026-04-16 11:50:51,2026-04-16 11:51:16,2026-04-16 15:14:10,2026-04-16 15:32:21
OPD-054,OPD Card,Admin C1,Done,,2026-04-16 11:55:56,,,2026-04-16 11:58:29,2026-04-16 12:03:45
OPD-055,OPD Reschedule,Reschedule C1,Done,,2026-04-16 12:02:09,,,2026-04-16 12:04:01,2026-04-16 12:05:26
CON-056,Consultation,R3 C4,Done,,2026-04-16 12:07:14,2026-04-16 12:07:14,2026-04-16 12:07:24,2026-04-16 15:32:21,2026-04-16 15:45:20
CON-057,Consultation,R1 C4,Done,,2026-04-16 12:08:58,2026-04-16 12:08:58,2026-04-16 12:13:15,2026-04-16 15:45:20,2026-04-16 15:46:58
CON-058,Consultation,R1 C5,Done,,2026-04-16 12:11:41,2026-04-16 12:13:15,2026-04-16 12:14:38,2026-04-16 15:46:58,2026-04-16 15:58:35
OPD-059,OPD Card,Admin C1,Done,,2026-04-16 12:14:21,,,2026-04-16 12:16:49,2026-04-16 12:26:54
CON-060,Consultation,R2 C1,Done,,2026-04-16 12:20:00,2026-04-16 12:20:00,2026-04-16 12:27:24,2026-04-16 15:58:35,2026-04-16 16:18:09
ECG-061,ECG,ECG R1,Done,,2026-04-16 12:30:33,,,2026-04-16 12:33:10,2026-04-16 13:34:55
CON-062,Consultation,R4 C1,Done,,2026-04-16 12:32:45,2026-04-16 12:32:45,2026-04-16 12:33:36,2026-04-16 16:18:09,2026-04-16 16:29:11
OPD-063,OPD Screening,R1 C2,Done,,2026-04-16 12:36:23,2026-04-16 12:36:23,2026-04-16 12:37:53,2026-04-16 12:37:53,2026-04-16 12:43:53
REF-064,Refill Prescription,Refill C1,Done,,2026-04-16 12:43:35,,,2026-04-16 12:45:56,2026-04-16 12:50:48
CON-065,Consultation,R4 C4,Done,,2026-04-16 12:44:17,2026-04-16 12:44:17,2026-04-16 12:46:07,2026-04-16 16:29:11,2026-04-16 16:53:08
OPD-066,OPD Reschedule,Reschedule C1,Done,,2026-04-16 12:56:31,,,2026-04-16 12:58:12,2026-04-16 12:58:58
CON-067,Consultation,R4 C2,Done,,2026-04-16 13:02:05,2026-04-16 13:02:05,2026-04-16 13:07:49,2026-04-16 16:53:08,2026-04-16 17:08:27
CON-068,Consultation,R3 C5,Done,,2026-04-16 13:04:27,2026-04-16 13:07:49,2026-04-16 13:09:55,2026-04-16 17:08:27,2026-04-16 17:27:53
CON-069,Consultation,R2 C3,Done,,2026-04-16 13:16:51,2026-04-16 13:16:51,2026-04-16 13:19:38,2026-04-16 17:27:53,2026-04-16 17:31:12
CON-070,Consultation,R2 C2,Done,,2026-04-16 13:35:45,2026-04-16 13:35:45,2026-04-16 13:36:33,2026-04-16 17:31:12,2026-04-16 17:44:50
CON-071,Consultation,R2 C1,Done,,2026-04-16 13:37:24,2026-04-16 13:37:24,2026-04-16 13:45:14,2026-04-16 17:44:50,2026-04-16 17:50:15
CON-072,Consultation,R2 C5,Done,,2026-04-16 13:41:41,2026-04-16 13:45:14,2026-04-16 13:48:24,2026-04-16 17:50:15,2026-04-16 17:59:41
WAR-073,Warfarin,Warfarin C1,Done,,2026-04-16 13:41:56,,,2026-04-16 13:44:43,2026-04-16 13:51:34
OPD-074,OPD Card,Admin C1,Done,,2026-04-16 13:47:39,,,2026-04-16 13:49:25,2026-04-16 13:52:12
CON-075,Consultation,R4 C1,Done,,2026-04-16 13:48:25,2026-04-16 13:48:25,2026-04-16 13:49:32,2026-04-16 17:59:41,2026-04-16 18:07:39
CON-076,Consultation,R2 C3,Done,,2026-04-16 13:49:34,2026-04-16 13:49:34,2026-04-16 13:50:26,2026-04-16 18:07:39,2026-04-16 18:22:18
CON-001,Consultation,R3 C5,Done,,2026-04-17 08:09:26,2026-04-17 08:09:26,2026-04-17 08:21:56,2026-04-17 08:21:56,2026-04-17 08:34:50
OPD-002,OPD Screening,R1 C3,Done,,2026-04-17 08:24:36,2026-04-17 08:24:36,2026-04-17 08:37:08,2026-04-17 08:37:08,2026-04-17 08:54:48
ECG-003,ECG,ECG R1,Done,,2026-04-17 08:44:52,,,2026-04-17 08:46:04,2026-04-17 09:07:37
CON-004,Consultation,R1 C1,Done,,2026-04-17 08:51:37,2026-04-17 08:51:37,2026-04-17 08:51:47,2026-04-17 08:51:47,2026-04-17 09:06:02
CON-005,Consultation,R4 C5,Done,,2026-04-17 08:54:03,2026-04-17 08:54:03,2026-04-17 08:55:24,2026-04-17 09:06:02,2026-04-17 09:38:11
CON-006,Consultation,R3 C2,Done,,2026-04-17 08:58:43,2026-04-17 08:58:43,2026-04-17 09:03:06,2026-04-17 09:38:11,2026-04-17 09:42:32
OPD-007,OPD Card,Admin C1,Done,,2026-04-17 09:11:45,,,2026-04-17 09:14:44,2026-04-17 09:14:55
BEN-008,Benzathine,Benzathine C1,Done,,2026-04-17 09:22:43,,,2026-04-17 09:25:31,2026-04-17 09:54:09
BEN-009,Benzathine,Benzathine C1,Done,,2026-04-17 09:48:19,,,2026-04-17 09:54:09,2026-04-17 09:55:24
CON-010,Consultation,R3 C4,Done,,2026-04-17 09:50:43,2026-04-17 09:50:43,2026-04-17 09:50:55,2026-04-17 09:50:55,2026-04-17 10:07:38
OPD-011,OPD Card,Admin C1,Done,,2026-04-17 09:54:01,,,2026-04-17 09:55:58,2026-04-17 09:56:35
CON-012,Consultation,R2 C5,Done,,2026-04-17 09:57:20,2026-04-17 09:57:20,2026-04-17 10:00:42,2026-04-17 10:07:38,2026-04-17 10:57:01
BEN-013,Benzathine,Benzathine C1,Done,,2026-04-17 09:58:44,,,2026-04-17 10:01:02,2026-04-17 10:25:39
CON-014,Consultation,R2 C3,Done,,2026-04-17 10:03:04,2026-04-17 10:03:04,2026-04-17 10:05:09,2026-04-17 10:57:01,2026-04-17 11:04:18
WAR-015,Warfarin,Warfarin C1,Done,,2026-04-17 10:05:57,,,2026-04-17 10:25:39,2026-04-17 10:30:48
CON-016,Consultation,R1 C2,Done,,2026-04-17 10:07:41,2026-04-17 10:07:41,2026-04-17 10:07:45,2026-04-17 11:04:18,2026-04-17 11:15:06
CON-017,Consultation,R4 C3,Done,,2026-04-17 10:08:31,2026-04-17 10:08:31,2026-04-17 10:11:41,2026-04-17 11:15:06,2026-04-17 11:49:15
WAR-018,Warfarin,Warfarin C1,Done,,2026-04-17 10:32:29,,,2026-04-17 10:34:31,2026-04-17 10:34:54
CON-019,Consultation,R2 C1,Done,,2026-04-17 10:42:29,2026-04-17 10:42:29,2026-04-17 10:43:26,2026-04-17 11:49:15,2026-04-17 12:36:04
BEN-020,Benzathine,Benzathine C1,Done,,2026-04-17 10:44:54,,,2026-04-17 10:46:24,2026-04-17 10:53:15
ECG-021,ECG,ECG R1,Done,,2026-04-17 10:45:28,,,2026-04-17 10:47:10,2026-04-17 11:05:44
OPD-022,OPD Screening,R1 C1,Done,,2026-04-17 10:47:35,2026-04-17 10:47:35,2026-04-17 10:50:04,2026-04-17 10:50:04,2026-04-17 10:52:36
OPD-023,OPD Card,Admin C1,Done,,2026-04-17 11:06:01,,,2026-04-17 11:07:41,2026-04-17 11:08:19
CON-024,Consultation,R3 C5,Done,,2026-04-17 11:12:46,2026-04-17 11:12:46,2026-04-17 11:13:01,2026-04-17 12:36:04,2026-04-17 13:15:28
ECG-025,ECG,ECG R1,Done,,2026-04-17 11:15:51,,,2026-04-17 11:17:24,2026-04-17 11:23:39
WAR-026,Warfarin,Warfarin C1,Done,,2026-04-17 11:17:58,,,2026-04-17 11:20:21,2026-04-17 11:33:41
CON-027,Consultation,R3 C5,Done,,2026-04-17 11:31:01,2026-04-17 11:31:01,2026-04-17 11:31:30,2026-04-17 13:15:28,2026-04-17 13:35:16
WAR-028,Warfarin,Warfarin C1,Done,,2026-04-17 11:50:41,,,2026-04-17 11:53:28,2026-04-17 11:59:55
CON-029,Consultation,R4 C2,Done,,2026-04-17 12:21:15,2026-04-17 12:21:15,2026-04-17 12:21:15,2026-04-17 13:35:16,2026-04-17 13:45:44
OPD-030,OPD Screening,R1 C3,Done,,2026-04-17 12:39:47,2026-04-17 12:39:47,2026-04-17 12:40:50,2026-04-17 12:40:50,2026-04-17 12:46:16
BEN-031,Benzathine,Benzathine C1,Done,,2026-04-17 12:43:45,,,2026-04-17 12:46:37,2026-04-17 12:49:16
REF-032,Refill Prescription,Refill C1,Done,,2026-04-17 12:49:33,,,2026-04-17 12:51:31,2026-04-17 12:54:05
CON-033,Consultation,R3 C4,Done,,2026-04-17 12:52:01,2026-04-17 12:52:01,2026-04-17 12:53:35,2026-04-17 13:45:44,2026-04-17 14:09:33
CON-034,Consultation,R1 C4,Done,,2026-04-17 12:53:15,2026-04-17 12:53:35,2026-04-17 12:53:43,2026-04-17 14:09:33,2026-04-17 14:22:54
CON-035,Consultation,R4 C5,Done,,2026-04-17 12:53:51,2026-04-17 12:53:51,2026-04-17 12:53:53,2026-04-17 14:22:54,2026-04-17 14:43:09
ECG-036,ECG,ECG R1,Done,,2026-04-17 12:55:22,,,2026-04-17 12:57:24,2026-04-17 13:09:32
BEN-037,Benzathine,Benzathine C1,Done,,2026-04-17 12:56:19,,,2026-04-17 12:58:26,2026-04-17 12:59:13
CON-038,Consultation,R1 C1,Done,,2026-04-17 12:59:01,2026-04-17 12:59:01,2026-04-17 12:59:06,2026-04-17 14:43:09,2026-04-17 15:16:03
OPD-039,OPD Reschedule,Reschedule C1,Done,,2026-04-17 13:08:54,,,2026-04-17 13:11:18,2026-04-17 13:12:31
CON-040,Consultation,R2 C4,Done,,2026-04-17 13:10:00,2026-04-17 13:10:00,2026-04-17 13:11:27,2026-04-17 15:16:03,2026-04-17 16:08:27
ECG-041,ECG,ECG R1,Done,,2026-04-17 13:10:14,,,2026-04-17 13:11:39,2026-04-17 13:18:54
BEN-042,Benzathine,Benzathine C1,Done,,2026-04-17 13:12:34,,,2026-04-17 13:14:56,2026-04-17 13:18:11
OPD-043,OPD Screening,R1 C1,Done,,2026-04-17 13:13:02,2026-04-17 13:13:02,2026-04-17 13:13:46,2026-04-17 13:13:46,2026-04-17 13:14:07
OPD-044,OPD Screening,R1 C1,Done,,2026-04-17 13:28:57,2026-04-17 13:28:57,2026-04-17 13:29:30,2026-04-17 13:29:30,2026-04-17 13:41:29
CON-045,Consultation,R1 C2,Done,,2026-04-17 13:32:03,2026-04-17 13:32:03,2026-04-17 13:33:55,2026-04-17 16:08:27,2026-04-17 16:29:52
REF-046,Refill Prescription,Refill C1,Done,,2026-04-17 13:44:41,,,2026-04-17 13:47:04,2026-04-17 13:52:01
OPD-047,OPD Card,Admin C1,Done,,2026-04-17 13:53:30,,,2026-04-17 13:54:42,2026-04-17 13:55:27
REF-048,Refill Prescription,Refill C1,Done,,2026-04-17 13:57:31,,,2026-04-17 13:59:22,2026-04-17 14:00:59
WAR-049,Warfarin,Warfarin C1,Done,,2026-04-17 14:01:25,,,2026-04-17 14:02:48,2026-04-17 14:14:14
ECG-050,ECG,ECG R1,Done,,2026-04-17 14:03:05,,,2026-04-17 14:05:20,2026-04-17 14:33:45
OPD-051,OPD Card,Admin C1,Done,,2026-04-17 14:03:33,,,2026-04-17 14:05:26,2026-04-17 14:14:43
OPD-052,OPD Screening,R1 C3,Done,,2026-04-17 14:04:52,2026-04-17 14:04:52,2026-04-17 14:06:33,2026-04-17 14:06:33,2026-04-17 14:11:28
CON-053,Consultation,R2 C3,Done,,2026-04-17 14:07:37,2026-04-17 14:07:37,2026-04-17 14:10:32,2026-04-17 16:29:52,2026-04-17 16:41:41
CON-054,Consultation,R4 C4,Done,,2026-04-17 14:11:08,2026-04-17 14:11:08,2026-04-17 14:13:00,2026-04-17 16:41:41,2026-04-17 17:03:29
WAR-055,Warfarin,Warfarin C1,Done,,2026-04-17 14:15:37,,,2026-04-17 14:18:16,2026-04-17 14:24:30
BEN-056,Benzathine,Benzathine C1,Done,,2026-04-17 14:19:51,,,2026-04-17 14:24:30,2026-04-17 14:45:03
BEN-057,Benzathine,Benzathine C1,Done,,2026-04-17 14:20:11,,,2026-04-17 14:45:03,2026-04-17 14:53:17
CON-058,Consultation,R3 C4,Done,,2026-04-17 14:26:38,2026-04-17 14:26:38,2026-04-17 14:32:04,2026-04-17 17:03:29,2026-04-17 17:07:13
BEN-059,Benzathine,Benzathine C1,Done,,2026-04-17 14:57:55,,,2026-04-17 14:59:16,2026-04-17 15:03:25
CON-060,Consultation,R4 C5,Done,,2026-04-17 15:03:21,2026-04-17 15:03:21,2026-04-17 15:09:41,2026-04-17 17:07:13,2026-04-17 17:20:51
WAR-061,Warfarin,Warfarin C1,Done,,2026-04-17 15:04:20,,,2026-04-17 15:05:24,2026-04-17 15:24:52
CON-062,Consultation,R2 C5,Done,,2026-04-17 15:10:32,2026-04-17 15:10:32,2026-04-17 15:10:36,2026-04-17 17:20:51,2026-04-17 17:33:35
ECG-063,ECG,ECG R1,Done,,2026-04-17 15:13:03,,,2026-04-17 15:14:16,2026-04-17 15:44:05
REF-064,Refill Prescription,Refill C1,Done,,2026-04-17 15:13:03,,,2026-04-17 15:15:46,2026-04-17 15:24:04
CON-065,Consultation,R4 C3,Done,,2026-04-17 15:15:21,2026-04-17 15:15:21,2026-04-17 15:15:52,2026-04-17 17:33:35,2026-04-17 18:01:08
ECG-066,ECG,ECG R1,Done,,2026-04-17 15:17:23,,,2026-04-17 15:44:05,2026-04-17 15:57:29
CON-067,Consultation,R4 C1,Done,,2026-04-17 15:19:42,2026-04-17 15:19:42,2026-04-17 15:20:07,2026-04-17 18:01:08,2026-04-17 18:08:03
OPD-068,OPD Screening,R1 C1,Done,,2026-04-17 15:20:06,2026-04-17 15:20:07,2026-04-17 15:22:28,2026-04-17 15:22:28,2026-04-17 15:23:04
CON-069,Consultation,R3 C4,Done,,2026-04-17 15:22:24,2026-04-17 15:22:28,2026-04-17 15:26:16,2026-04-17 18:08:03,2026-04-17 18:27:07
OPD-070,OPD Card,Admin C1,Done,,2026-04-17 15:25:59,,,2026-04-17 15:27:49,2026-04-17 15:33:30
CON-071,Consultation,R2 C4,Done,,2026-04-17 15:43:16,2026-04-17 15:43:16,2026-04-17 15:50:57,2026-04-17 18:27:07,2026-04-17 18:38:51
CON-072,Consultation,R2 C5,Done,,2026-04-17 15:46:42,2026-04-17 15:50:57,2026-04-17 15:52:57,2026-04-17 18:38:51,2026-04-17 18:39:10
CON-073,Consultation,R3 C4,Done,,2026-04-17 15:49:02,2026-04-17 15:52:57,2026-04-17 15:54:13,2026-04-17 18:39:10,2026-04-17 19:12:47
ECG-074,ECG,ECG R1,Done,,2026-04-17 15:53:56,,,2026-04-17 15:57:29,2026-04-17 16:37:52
CON-075,Consultation,R4 C4,Done,,2026-04-17 15:54:37,2026-04-17 15:54:37,2026-04-17 15:55:55,2026-04-17 19:12:47,2026-04-17 19:36:01
WAR-076,Warfarin,Warfarin C1,Done,,2026-04-17 15:55:11,,,2026-04-17 15:57:25,2026-04-17 16:03:22
WAR-077,Warfarin,Warfarin C1,Done,,2026-04-17 16:07:44,,,2026-04-17 16:09:50,2026-04-17 16:13:33
OPD-078,OPD Card,Admin C1,Done,,2026-04-17 16:08:50,,,2026-04-17 16:11:09,2026-04-17 16:11:28
CON-079,Consultation,R1 C4,Done,,2026-04-17 16:09:03,2026-04-17 16:09:03,2026-04-17 16:11:19,2026-04-17 19:36:01,2026-04-17 19:47:04
CON-080,Consultation,R1 C5,Done,,2026-04-17 16:09:41,2026-04-17 16:11:19,2026-04-17 16:14:39,2026-04-17 19:47:04,2026-04-17 19:50:00
CON-081,Consultation,R4 C5,Done,,2026-04-17 16:13:51,2026-04-17 16:14:39,2026-04-17 16:18:04,2026-04-17 19:50:00,2026-04-17 20:24:10
OPD-082,OPD Card,Admin C1,Done,,2026-04-17 16:19:02,,,2026-04-17 16:21:27,2026-04-17 16:25:55
CON-083,Consultation,R1 C1,Done,,2026-04-17 16:20:32,2026-04-17 16:20:32,2026-04-17 16:21:24,2026-04-17 20:24:10,2026-04-17 20:32:32
ECG-001,ECG,ECG R1,Done,,2026-04-18 08:06:25,,,2026-04-18 08:07:31,2026-04-18 08:11:02
OPD-002,OPD Card,Admin C1,Done,,2026-04-18 08:13:10,,,2026-04-18 08:15:23,2026-04-18 08:15:55
CON-003,Consultation,R2 C3,Done,,2026-04-18 08:20:11,2026-04-18 08:20:11,2026-04-18 08:24:38,2026-04-18 08:24:38,2026-04-18 08:43:58
CON-004,Consultation,R2 C3,Done,,2026-04-18 08:22:29,2026-04-18 08:24:38,2026-04-18 08:25:18,2026-04-18 08:43:58,2026-04-18 08:58:34
REF-005,Refill Prescription,Refill C1,Done,,2026-04-18 08:23:57,,,2026-04-18 08:25:56,2026-04-18 08:29:37
CON-006,Consultation,R2 C2,Done,,2026-04-18 08:25:34,2026-04-18 08:25:34,2026-04-18 08:30:22,2026-04-18 08:58:34,2026-04-18 09:02:21
REF-007,Refill Prescription,Refill C1,Done,,2026-04-18 08:26:38,,,2026-04-18 08:29:37,2026-04-18 08:31:58
OPD-008,OPD Screening,R1 C1,Done,,2026-04-18 08:30:04,2026-04-18 08:30:22,2026-04-18 08:36:02,2026-04-18 08:36:02,2026-04-18 08:43:47
CON-009,Consultation,R4 C3,Done,,2026-04-18 08:36:45,2026-04-18 08:36:45,2026-04-18 08:36:49,2026-04-18 09:02:21,2026-04-18 09:26:17
ECG-010,ECG,ECG R1,Done,,2026-04-18 08:36:47,,,2026-04-18 08:37:48,2026-04-18 08:37:49
CON-011,Consultation,R1 C3,Done,,2026-04-18 08:38:38,2026-04-18 08:38:38,2026-04-18 08:42:14,2026-04-18 09:26:17,2026-04-18 09:49:11
CON-012,Consultation,R1 C5,Done,,2026-04-18 08:39:08,2026-04-18 08:42:14,2026-04-18 08:42:43,2026-04-18 09:49:11,2026-04-18 10:06:53
CON-013,Consultation,R3 C1,Done,,2026-04-18 08:41:47,2026-04-18 08:42:43,2026-04-18 08:50:36,2026-04-18 10:06:53,2026-04-18 10:10:40
OPD-014,OPD Screening,R1 C2,Done,,2026-04-18 08:42:36,2026-04-18 08:50:36,2026-04-18 08:56:59,2026-04-18 08:56:59,2026-04-18 09:00:12
CON-015,Consultation,R2 C2,Done,,2026-04-18 08:49:04,2026-04-18 08:56:59,2026-04-18 08:57:16,2026-04-18 10:10:40,2026-04-18 10:19:38
OPD-016,OPD Screening,R1 C2,Done,,2026-04-18 08:57:36,2026-04-18 08:57:36,2026-04-18 08:58:20,2026-04-18 09:00:12,2026-04-18 09:06:23
CON-017,Consultation,R1 C2,Done,,2026-04-18 08:57:55,2026-04-18 08:58:20,2026-04-18 08:59:27,2026-04-18 10:19:38,2026-04-18 10:20:26
CON-018,Consultation,R1 C4,Done,,2026-04-18 09:00:16,2026-04-18 09:00:16,2026-04-18 09:00:47,2026-04-18 10:20:26,2026-04-18 10:26:16
OPD-019,OPD Card,Admin C1,Done,,2026-04-18 09:09:50,,,2026-04-18 09:11:42,2026-04-18 09:17:57
OPD-020,OPD Screening,R1 C2,Done,,2026-04-18 09:12:16,2026-04-18 09:12:16,2026-04-18 09:17:52,2026-04-18 09:17:52,2026-04-18 09:20:54
CON-021,Consultation,R3 C4,Done,,2026-04-18 09:18:52,2026-04-18 09:18:52,2026-04-18 09:19:34,2026-04-18 10:26:16,2026-04-18 10:30:14
CON-022,Consultation,R4 C5,Done,,2026-04-18 09:23:08,2026-04-18 09:23:08,2026-04-18 09:23:48,2026-04-18 10:30:14,2026-04-18 10:37:42
CON-023,Consultation,R4 C2,Done,,2026-04-18 09:24:29,2026-04-18 09:24:29,2026-04-18 09:25:28,2026-04-18 10:37:42,2026-04-18 10:51:49
BEN-024,Benzathine,Benzathine C1,Done,,2026-04-18 09:43:22,,,2026-04-18 09:44:31,2026-04-18 09:56:01
OPD-025,OPD Screening,R1 C2,Done,,2026-04-18 09:43:31,2026-04-18 09:43:31,2026-04-18 09:53:07,2026-04-18 09:53:07,2026-04-18 10:27:29
CON-026,Consultation,R4 C4,Done,,2026-04-18 09:43:33,2026-04-18 09:53:07,2026-04-18 09:53:42,2026-04-18 10:51:49,2026-04-18 10:56:22
BEN-027,Benzathine,Benzathine C1,Done,,2026-04-18 09:46:41,,,2026-04-18 09:56:01,2026-04-18 10:14:43
ECG-028,ECG,ECG R1,Done,,2026-04-18 09:51:02,,,2026-04-18 09:53:37,2026-04-18 10:41:52
OPD-029,OPD Card,Admin C1,Done,,2026-04-18 10:08:49,,,2026-04-18 10:11:15,2026-04-18 10:14:49
CON-030,Consultation,R1 C3,Done,,2026-04-18 10:15:16,2026-04-18 10:15:16,2026-04-18 10:23:13,2026-04-18 10:56:22,2026-04-18 11:13:04
OPD-031,OPD Card,Admin C1,Done,,2026-04-18 10:15:32,,,2026-04-18 10:17:14,2026-04-18 10:19:11
ECG-032,ECG,ECG R1,Done,,2026-04-18 10:26:21,,,2026-04-18 10:41:52,2026-04-18 10:55:00
CON-033,Consultation,R3 C1,Done,,2026-04-18 10:26:43,2026-04-18 10:26:43,2026-04-18 10:26:48,2026-04-18 11:13:04,2026-04-18 12:06:36
BEN-034,Benzathine,Benzathine C1,Done,,2026-04-18 10:29:00,,,2026-04-18 10:31:05,2026-04-18 10:43:31
CON-035,Consultation,R1 C1,Done,,2026-04-18 10:37:13,2026-04-18 10:37:13,2026-04-18 10:40:56,2026-04-18 12:06:36,2026-04-18 12:37:08
OPD-036,OPD Card,Admin C1,Done,,2026-04-18 10:37:15,,,2026-04-18 10:38:31,2026-04-18 10:38:36
CON-037,Consultation,R4 C5,Done,,2026-04-18 10:48:11,2026-04-18 10:48:11,2026-04-18 10:50:30,2026-04-18 12:37:08,2026-04-18 13:28:40
REF-038,Refill Prescription,Refill C1,Done,,2026-04-18 10:49:59,,,2026-04-18 10:52:23,2026-04-18 10:52:38
CON-039,Consultation,R4 C3,Done,,2026-04-18 10:53:09,2026-04-18 10:53:09,2026-04-18 10:59:54,2026-04-18 13:28:40,2026-04-18 13:37:52
OPD-040,OPD Screening,R1 C3,Done,,2026-04-18 10:58:06,2026-04-18 10:59:54,2026-04-18 10:59:58,2026-04-18 10:59:58,2026-04-18 11:09:57
OPD-041,OPD Card,Admin C1,Done,,2026-04-18 11:10:25,,,2026-04-18 11:12:07,2026-04-18 11:12:51
OPD-042,OPD Reschedule,Reschedule C1,Done,,2026-04-18 11:13:08,,,2026-04-18 11:15:16,2026-04-18 11:20:28
CON-043,Consultation,R2 C2,Done,,2026-04-18 11:13:19,2026-04-18 11:13:19,2026-04-18 11:28:06,2026-04-18 13:37:52,2026-04-18 13:39:25
OPD-044,OPD Screening,R1 C2,Done,,2026-04-18 11:15:08,2026-04-18 11:28:06,2026-04-18 11:30:12,2026-04-18 11:30:12,2026-04-18 11:43:25
WAR-045,Warfarin,Warfarin C1,Done,,2026-04-18 11:19:16,,,2026-04-18 11:21:58,2026-04-18 11:31:33
OPD-046,OPD Screening,R1 C3,Done,,2026-04-18 11:25:53,2026-04-18 11:30:12,2026-04-18 11:44:06,2026-04-18 11:44:06,2026-04-18 11:48:58
OPD-047,OPD Reschedule,Reschedule C1,Done,,2026-04-18 11:29:27,,,2026-04-18 11:32:03,2026-04-18 11:36:37
ECG-048,ECG,ECG R1,Done,,2026-04-18 11:38:10,,,2026-04-18 11:40:48,2026-04-18 12:29:20
OPD-049,OPD Screening,R1 C3,Done,,2026-04-18 11:39:06,2026-04-18 11:44:06,2026-04-18 11:45:12,2026-04-18 11:48:58,2026-04-18 12:09:45
WAR-050,Warfarin,Warfarin C1,Done,,2026-04-18 11:44:00,,,2026-04-18 11:45:10,2026-04-18 11:48:37
CON-051,Consultation,R4 C1,Done,,2026-04-18 11:45:29,2026-04-18 11:45:29,2026-04-18 11:45:49,2026-04-18 13:39:25,2026-04-18 13:48:15
CON-052,Consultation,R3 C4,Done,,2026-04-18 12:05:51,2026-04-18 12:05:51,2026-04-18 12:17:37,2026-04-18 13:48:15,2026-04-18 14:12:11
OPD-053,OPD Reschedule,Reschedule C1,Done,,2026-04-18 12:09:43,,,2026-04-18 12:11:56,2026-04-18 12:14:00
REF-054,Refill Prescription,Refill C1,Done,,2026-04-18 12:10:09,,,2026-04-18 12:14:00,2026-04-18 12:21:52
CON-055,Consultation,R1 C5,Done,,2026-04-18 12:17:25,2026-04-18 12:17:37,2026-04-18 12:19:04,2026-04-18 14:12:11,2026-04-18 14:37:29
CON-056,Consultation,R1 C5,Done,,2026-04-18 12:18:39,2026-04-18 12:19:04,2026-04-18 12:19:36,2026-04-18 14:37:29,2026-04-18 14:41:51
CON-057,Consultation,R3 C1,Done,,2026-04-18 12:20:05,2026-04-18 12:20:05,2026-04-18 12:23:23,2026-04-18 14:41:51,2026-04-18 15:22:55
OPD-058,OPD Card,Admin C1,Done,,2026-04-18 12:21:04,,,2026-04-18 12:23:44,2026-04-18 12:31:04
CON-059,Consultation,R3 C2,Done,,2026-04-18 12:25:00,2026-04-18 12:25:00,2026-04-18 12:25:19,2026-04-18 15:22:55,2026-04-18 15:41:06
BEN-060,Benzathine,Benzathine C1,Done,,2026-04-18 12:42:21,,,2026-04-18 12:44:40,2026-04-18 12:54:50
CON-061,Consultation,R1 C4,Done,,2026-04-18 12:52:40,2026-04-18 12:52:40,2026-04-18 12:53:15,2026-04-18 15:41:06,2026-04-18 16:20:07
OPD-062,OPD Screening,R1 C2,Done,,2026-04-18 13:10:16,2026-04-18 13:10:16,2026-04-18 13:12:14,2026-04-18 13:12:14,2026-04-18 13:17:25
WAR-063,Warfarin,Warfarin C1,Done,,2026-04-18 13:11:15,,,2026-04-18 13:13:56,2026-04-18 13:20:31
CON-064,Consultation,R3 C4,Done,,2026-04-18 13:15:54,2026-04-18 13:15:54,2026-04-18 13:15:59,2026-04-18 16:20:07,2026-04-18 16:22:44
WAR-065,Warfarin,Warfarin C1,Done,,2026-04-18 13:29:12,,,2026-04-18 13:32:03,2026-04-18 13:35:39
CON-066,Consultation,R3 C5,Done,,2026-04-18 13:29:13,2026-04-18 13:29:13,2026-04-18 13:29:23,2026-04-18 16:22:44,2026-04-18 16:37:13
OPD-067,OPD Screening,R1 C1,Done,,2026-04-18 13:43:18,2026-04-18 13:43:18,2026-04-18 13:43:59,2026-04-18 13:43:59,2026-04-18 14:00:47
CON-068,Consultation,R3 C4,Done,,2026-04-18 13:54:39,2026-04-18 13:54:39,2026-04-18 13:58:24,2026-04-18 16:37:13,2026-04-18 16:38:14
OPD-069,OPD Reschedule,Reschedule C1,Done,,2026-04-18 13:54:46,,,2026-04-18 13:55:49,2026-04-18 13:56:18
BEN-070,Benzathine,Benzathine C1,Done,,2026-04-18 14:04:47,,,2026-04-18 14:05:49,2026-04-18 14:48:41
BEN-071,Benzathine,Benzathine C1,Done,,2026-04-18 14:08:05,,,2026-04-18 14:48:41,2026-04-18 14:50:03
CON-072,Consultation,R3 C2,Done,,2026-04-18 14:13:44,2026-04-18 14:13:44,2026-04-18 14:18:09,2026-04-18 16:38:14,2026-04-18 16:39:38
WAR-073,Warfarin,Warfarin C1,Done,,2026-04-18 14:18:28,,,2026-04-18 14:50:03,2026-04-18 14:53:28
OPD-074,OPD Screening,R1 C1,Done,,2026-04-18 14:22:03,2026-04-18 14:22:03,2026-04-18 14:22:43,2026-04-18 14:22:43,2026-04-18 14:32:14
CON-075,Consultation,R4 C2,Done,,2026-04-18 14:38:55,2026-04-18 14:38:55,2026-04-18 14:45:01,2026-04-18 16:39:38,2026-04-18 16:44:42
BEN-076,Benzathine,Benzathine C1,Done,,2026-04-18 14:46:51,,,2026-04-18 14:53:28,2026-04-18 15:03:58
CON-077,Consultation,R4 C5,Done,,2026-04-18 14:51:51,2026-04-18 14:51:51,2026-04-18 14:54:27,2026-04-18 16:44:42,2026-04-18 16:46:07
OPD-078,OPD Screening,R1 C2,Done,,2026-04-18 15:00:38,2026-04-18 15:00:38,2026-04-18 15:09:24,2026-04-18 15:09:24,2026-04-18 15:10:03
CON-079,Consultation,R3 C3,Done,,2026-04-18 15:15:29,2026-04-18 15:15:29,2026-04-18 15:21:41,2026-04-18 16:46:07,2026-04-18 16:57:18
CON-080,Consultation,R3 C5,Done,,2026-04-18 15:23:26,2026-04-18 15:23:26,2026-04-18 15:29:25,2026-04-18 16:57:18,2026-04-18 17:07:04
CON-081,Consultation,R4 C5,Done,,2026-04-18 15:23:59,2026-04-18 15:29:25,2026-04-18 15:30:00,2026-04-18 17:07:04,2026-04-18 17:20:42
OPD-082,OPD Screening,R1 C1,Done,,2026-04-18 15:45:22,2026-04-18 15:45:22,2026-04-18 15:53:07,2026-04-18 15:53:07,2026-04-18 15:57:36
CON-083,Consultation,R3 C2,Done,,2026-04-18 15:51:30,2026-04-18 15:53:07,2026-04-18 15:53:12,2026-04-18 17:20:42,2026-04-18 17:53:58
CON-084,Consultation,R4 C3,Done,,2026-04-18 15:54:54,2026-04-18 15:54:54,2026-04-18 15:56:39,2026-04-18 17:53:58,2026-04-18 18:00:57
WAR-085,Warfarin,Warfarin C1,Done,,2026-04-18 16:01:51,,,2026-04-18 16:04:28,2026-04-18 16:08:04
OPD-086,OPD Card,Admin C1,Done,,2026-04-18 16:02:07,,,2026-04-18 16:03:20,2026-04-18 16:07:05
CON-001,Consultation,R4 C3,Done,,2026-04-20 08:02:13,2026-04-20 08:02:13,2026-04-20 08:03:57,2026-04-20 08:03:57,2026-04-20 08:16:52
CON-002,Consultation,R2 C5,Done,,2026-04-20 08:03:15,2026-04-20 08:03:57,2026-04-20 08:04:27,2026-04-20 08:16:52,2026-04-20 08:25:57
CON-003,Consultation,R3 C2,Done,,2026-04-20 08:15:48,2026-04-20 08:15:48,2026-04-20 08:17:45,2026-04-20 08:25:57,2026-04-20 09:05:30
CON-004,Consultation,R1 C1,Done,,2026-04-20 08:17:18,2026-04-20 08:17:45,2026-04-20 08:19:16,2026-04-20 09:05:30,2026-04-20 09:32:02
CON-005,Consultation,R3 C1,Done,,2026-04-20 08:23:03,2026-04-20 08:23:03,2026-04-20 08:24:38,2026-04-20 09:32:02,2026-04-20 10:04:23
BEN-006,Benzathine,Benzathine C1,Done,,2026-04-20 08:30:36,,,2026-04-20 08:33:04,2026-04-20 08:47:18
CON-007,Consultation,R4 C5,Done,,2026-04-20 08:37:02,2026-04-20 08:37:02,2026-04-20 08:41:00,2026-04-20 10:04:23,2026-04-20 10:11:26
OPD-008,OPD Reschedule,Reschedule C1,Done,,2026-04-20 08:42:13,,,2026-04-20 08:43:24,2026-04-20 08:44:13
CON-009,Consultation,R3 C3,Done,,2026-04-20 08:43:03,2026-04-20 08:43:03,2026-04-20 08:43:23,2026-04-20 10:11:26,2026-04-20 10:12:43
WAR-010,Warfarin,Warfarin C1,Done,,2026-04-20 08:47:58,,,2026-04-20 08:50:40,2026-04-20 08:52:14
CON-011,Consultation,R2 C2,Done,,2026-04-20 08:50:15,2026-04-20 08:50:15,2026-04-20 08:50:32,2026-04-20 10:12:43,2026-04-20 10:25:09
CON-012,Consultation,R1 C5,Done,,2026-04-20 08:52:43,2026-04-20 08:52:43,2026-04-20 08:52:52,2026-04-20 10:25:09,2026-04-20 10:26:48
OPD-013,OPD Card,Admin C1,Done,,2026-04-20 08:55:56,,,2026-04-20 08:57:27,2026-04-20 08:57:36
OPD-014,OPD Card,Admin C1,Done,,2026-04-20 09:05:45,,,2026-04-20 09:08:24,2026-04-20 09:09:18
CON-015,Consultation,R2 C1,Done,,2026-04-20 09:07:07,2026-04-20 09:07:07,2026-04-20 09:07:10,2026-04-20 10:26:48,2026-04-20 10:29:08
ECG-016,ECG,ECG R1,Done,,2026-04-20 09:10:41,,,2026-04-20 09:13:08,2026-04-20 09:52:14
CON-017,Consultation,R2 C2,Done,,2026-04-20 09:15:05,2026-04-20 09:15:05,2026-04-20 09:39:50,2026-04-20 10:29:08,2026-04-20 10:31:33
CON-018,Consultation,R3 C1,Done,,2026-04-20 09:20:16,2026-04-20 09:39:50,2026-04-20 09:40:54,2026-04-20 10:31:33,2026-04-20 10:38:01
OPD-019,OPD Screening,R1 C3,Done,,2026-04-20 09:30:08,2026-04-20 09:40:54,2026-04-20 09:42:13,2026-04-20 09:42:13,2026-04-20 09:46:29
CON-020,Consultation,R2 C1,Done,,2026-04-20 09:31:52,2026-04-20 09:42:13,2026-04-20 09:49:17,2026-04-20 10:38:01,2026-04-20 10:49:29
OPD-021,OPD Screening,R1 C3,Done,,2026-04-20 09:38:57,2026-04-20 09:49:17,2026-04-20 09:51:20,2026-04-20 09:51:20,2026-04-20 09:53:54
OPD-022,OPD Card,Admin C1,Done,,2026-04-20 09:40:35,,,2026-04-20 09:42:26,2026-04-20 09:43:15
BEN-023,Benzathine,Benzathine C1,Done,,2026-04-20 09:44:39,,,2026-04-20 09:47:20,2026-04-20 09:49:34
CON-024,Consultation,R2 C1,Done,,2026-04-20 09:51:56,2026-04-20 09:51:56,2026-04-20 09:52:44,2026-04-20 10:49:29,2026-04-20 11:03:50
CON-025,Consultation,R4 C1,Done,,2026-04-20 09:59:26,2026-04-20 09:59:26,2026-04-20 10:00:44,2026-04-20 11:03:50,2026-04-20 11:22:40
CON-026,Consultation,R4 C2,Done,,2026-04-20 10:18:07,2026-04-20 10:18:07,2026-04-20 10:20:47,2026-04-20 11:22:40,2026-04-20 11:42:06
CON-027,Consultation,R3 C3,Done,,2026-04-20 10:38:33,2026-04-20 10:38:33,2026-04-20 10:41:31,2026-04-20 11:42:06,2026-04-20 11:44:47
CON-028,Consultation,R1 C2,Done,,2026-04-20 10:46:53,2026-04-20 10:46:53,2026-04-20 10:51:47,2026-04-20 11:44:47,2026-04-20 12:04:07
CON-029,Consultation,R2 C1,Done,,2026-04-20 11:05:46,2026-04-20 11:05:46,2026-04-20 11:08:46,2026-04-20 12:04:07,2026-04-20 12:28:23
CON-030,Consultation,R1 C3,Done,,2026-04-20 11:05:52,2026-04-20 11:08:46,2026-04-20 11:09:12,2026-04-20 12:28:23,2026-04-20 12:31:09
CON-031,Consultation,R2 C3,Done,,2026-04-20 11:07:00,2026-04-20 11:09:12,2026-04-20 11:14:58,2026-04-20 12:31:09,2026-04-20 13:49:27
OPD-032,OPD Screening,R1 C2,Done,,2026-04-20 11:19:59,2026-04-20 11:19:59,2026-04-20 11:27:35,2026-04-20 11:27:35,2026-04-20 11:52:45
CON-033,Consultation,R1 C4,Done,,2026-04-20 11:22:55,2026-04-20 11:27:35,2026-04-20 11:35:02,2026-04-20 13:49:27,2026-04-20 13:49:33
ECG-034,ECG,ECG R1,Done,,2026-04-20 11:23:00,,,2026-04-20 11:24:07,2026-04-20 11:24:44
CON-035,Consultation,R1 C4,Done,,2026-04-20 11:24:51,2026-04-20 11:35:02,2026-04-20 11:38:58,2026-04-20 13:49:33,2026-04-20 14:36:39
OPD-036,OPD Screening,R1 C2,Done,,2026-04-20 11:28:14,2026-04-20 11:38:58,2026-04-20 11:39:13,2026-04-20 11:52:45,2026-04-20 11:58:36
BEN-037,Benzathine,Benzathine C1,Done,,2026-04-20 11:41:40,,,2026-04-20 11:42:46,2026-04-20 11:53:59
BEN-038,Benzathine,Benzathine C1,Done,,2026-04-20 11:41:51,,,2026-04-20 11:53:59,2026-04-20 11:59:27
CON-039,Consultation,R1 C4,Done,,2026-04-20 11:57:26,2026-04-20 11:57:26,2026-04-20 11:59:25,2026-04-20 14:36:39,2026-04-20 15:10:25
BEN-040,Benzathine,Benzathine C1,Done,,2026-04-20 11:59:53,,,2026-04-20 12:01:45,2026-04-20 12:43:40
BEN-041,Benzathine,Benzathine C1,Done,,2026-04-20 12:00:43,,,2026-04-20 12:43:40,2026-04-20 12:59:53
WAR-042,Warfarin,Warfarin C1,Done,,2026-04-20 12:05:09,,,2026-04-20 12:59:53,2026-04-20 13:02:05
CON-043,Consultation,R2 C1,Done,,2026-04-20 12:05:57,2026-04-20 12:05:57,2026-04-20 12:10:38,2026-04-20 15:10:25,2026-04-20 15:24:46
WAR-044,Warfarin,Warfarin C1,Done,,2026-04-20 12:08:50,,,2026-04-20 13:02:05,2026-04-20 13:02:14
BEN-045,Benzathine,Benzathine C1,Done,,2026-04-20 12:12:44,,,2026-04-20 13:02:14,2026-04-20 13:05:31
WAR-046,Warfarin,Warfarin C1,Done,,2026-04-20 12:16:50,,,2026-04-20 13:05:31,2026-04-20 13:30:34
CON-047,Consultation,R4 C4,Done,,2026-04-20 12:26:08,2026-04-20 12:26:08,2026-04-20 12:26:35,2026-04-20 15:24:46,2026-04-20 15:34:07
CON-048,Consultation,R2 C3,Done,,2026-04-20 12:31:35,2026-04-20 12:31:35,2026-04-20 12:32:49,2026-04-20 15:34:07,2026-04-20 15:36:43
BEN-049,Benzathine,Benzathine C1,Done,,2026-04-20 12:34:12,,,2026-04-20 13:30:34,2026-04-20 13:59:57
OPD-050,OPD Screening,R1 C3,Done,,2026-04-20 12:37:38,2026-04-20 12:37:38,2026-04-20 12:38:55,2026-04-20 12:38:55,2026-04-20 12:51:08
ECG-051,ECG,ECG R1,Done,,2026-04-20 12:37:51,,,2026-04-20 12:39:36,2026-04-20 13:08:21
OPD-052,OPD Reschedule,Reschedule C1,Done,,2026-04-20 12:42:02,,,2026-04-20 12:43:33,2026-04-20 12:49:49
WAR-053,Warfarin,Warfarin C1,Done,,2026-04-20 12:45:42,,,2026-04-20 13:59:57,2026-04-20 14:02:27
CON-054,Consultation,R4 C1,Done,,2026-04-20 12:52:31,2026-04-20 12:52:31,2026-04-20 12:52:38,2026-04-20 15:36:43,2026-04-20 15:44:32
CON-055,Consultation,R3 C5,Done,,2026-04-20 12:53:32,2026-04-20 12:53:32,2026-04-20 12:56:34,2026-04-20 15:44:32,2026-04-20 15:47:32
ECG-056,ECG,ECG R1,Done,,2026-04-20 13:01:19,,,2026-04-20 13:08:21,2026-04-20 13:24:06
CON-057,Consultation,R2 C4,Done,,2026-04-20 13:03:06,2026-04-20 13:03:06,2026-04-20 13:11:49,2026-04-20 15:47:32,2026-04-20 15:59:01
CON-058,Consultation,R3 C3,Done,,2026-04-20 13:08:32,2026-04-20 13:11:49,2026-04-20 13:11:50,2026-04-20 15:59:01,2026-04-20 16:11:09
CON-059,Consultation,R2 C5,Done,,2026-04-20 13:09:38,2026-04-20 13:11:50,2026-04-20 13:12:41,2026-04-20 16:11:09,2026-04-20 16:16:38
WAR-060,Warfarin,Warfarin C1,Done,,2026-04-20 13:21:47,,,2026-04-20 14:02:27,2026-04-20 14:05:38
BEN-061,Benzathine,Benzathine C1,Done,,2026-04-20 13:28:39,,,2026-04-20 14:05:38,2026-04-20 14:06:29
OPD-062,OPD Screening,R1 C2,Done,,2026-04-20 13:31:19,2026-04-20 13:31:19,2026-04-20 13:41:02,2026-04-20 13:41:02,2026-04-20 13:47:12
WAR-063,Warfarin,Warfarin C1,Done,,2026-04-20 13:32:54,,,2026-04-20 14:06:29,2026-04-20 14:17:11
CON-064,Consultation,R3 C5,Done,,2026-04-20 13:34:06,2026-04-20 13:41:02,2026-04-20 13:43:50,2026-04-20 16:16:38,2026-04-20 17:08:56
OPD-065,OPD Screening,R1 C3,Done,,2026-04-20 13:35:03,2026-04-20 13:43:50,2026-04-20 13:45:13,2026-04-20 13:47:12,2026-04-20 13:50:28
ECG-066,ECG,ECG R1,Done,,2026-04-20 13:35:23,,,2026-04-20 13:38:22,2026-04-20 13:49:25
CON-067,Consultation,R1 C2,Done,,2026-04-20 13:37:44,2026-04-20 13:45:13,2026-04-20 13:46:38,2026-04-20 17:08:56,2026-04-20 17:18:29
CON-068,Consultation,R4 C2,Done,,2026-04-20 13:41:00,2026-04-20 13:46:38,2026-04-20 13:46:45,2026-04-20 17:18:29,2026-04-20 17:19:35
CON-069,Consultation,R2 C5,Done,,2026-04-20 13:46:23,2026-04-20 13:46:45,2026-04-20 13:47:33,2026-04-20 17:19:35,2026-04-20 17:30:57
OPD-070,OPD Screening,R1 C3,Done,,2026-04-20 13:48:08,2026-04-20 13:48:08,2026-04-20 13:51:41,2026-04-20 13:51:41,2026-04-20 14:13:58
OPD-071,OPD Card,Admin C1,Done,,2026-04-20 13:57:21,,,2026-04-20 13:58:34,2026-04-20 14:06:58
WAR-072,Warfarin,Warfarin C1,Done,,2026-04-20 14:01:32,,,2026-04-20 14:17:11,2026-04-20 14:26:09
REF-073,Refill Prescription,Refill C1,Done,,2026-04-20 14:06:04,,,2026-04-20 14:07:51,2026-04-20 14:10:06
CON-074,Consultation,R2 C3,Done,,2026-04-20 14:08:16,2026-04-20 14:08:16,2026-04-20 14:13:48,2026-04-20 17:30:57,2026-04-20 17:41:04
BEN-075,Benzathine,Benzathine C1,Done,,2026-04-20 14:09:03,,,2026-04-20 14:26:09,2026-04-20 14:26:28
OPD-076,OPD Screening,R1 C3,Done,,2026-04-20 14:19:19,2026-04-20 14:19:19,2026-04-20 14:19:28,2026-04-20 14:19:28,2026-04-20 14:30:30
CON-077,Consultation,R2 C3,Done,,2026-04-20 14:19:30,2026-04-20 14:19:30,2026-04-20 14:23:31,2026-04-20 17:41:04,2026-04-20 18:22:12
WAR-078,Warfarin,Warfarin C1,Done,,2026-04-20 14:22:25,,,2026-04-20 14:26:28,2026-04-20 14:34:54
ECG-079,ECG,ECG R1,Done,,2026-04-20 14:25:30,,,2026-04-20 14:28:12,2026-04-20 14:30:26
CON-080,Consultation,R3 C4,Done,,2026-04-20 14:26:13,2026-04-20 14:26:13,2026-04-20 14:28:42,2026-04-20 18:22:12,2026-04-20 18:25:30
ECG-081,ECG,ECG R1,Done,,2026-04-20 14:29:08,,,2026-04-20 14:30:49,2026-04-20 14:58:41
BEN-082,Benzathine,Benzathine C1,Done,,2026-04-20 14:30:32,,,2026-04-20 14:34:54,2026-04-20 14:39:13
BEN-083,Benzathine,Benzathine C1,Done,,2026-04-20 14:36:51,,,2026-04-20 14:39:13,2026-04-20 14:54:16
WAR-084,Warfarin,Warfarin C1,Done,,2026-04-20 14:38:36,,,2026-04-20 14:54:16,2026-04-20 15:18:46
CON-001,Consultation,R2 C2,Done,,2026-04-21 08:03:06,2026-04-21 08:03:06,2026-04-21 08:04:20,2026-04-21 08:04:20,2026-04-21 08:22:02
CON-002,Consultation,R1 C5,Done,,2026-04-21 08:07:38,2026-04-21 08:07:38,2026-04-21 08:08:23,2026-04-21 08:22:02,2026-04-21 08:27:42
CON-003,Consultation,R2 C3,Done,,2026-04-21 08:09:50,2026-04-21 08:09:50,2026-04-21 08:10:40,2026-04-21 08:27:42,2026-04-21 08:32:10
CON-004,Consultation,R1 C1,Done,,2026-04-21 08:12:14,2026-04-21 08:12:14,2026-04-21 08:15:13,2026-04-21 08:32:10,2026-04-21 08:32:25
OPD-005,OPD Card,Admin C1,Done,,2026-04-21 08:17:21,,,2026-04-21 08:20:21,2026-04-21 08:24:16
CON-006,Consultation,R1 C3,Done,,2026-04-21 08:24:30,2026-04-21 08:24:30,2026-04-21 08:33:09,2026-04-21 08:33:09,2026-04-21 08:59:54
OPD-007,OPD Reschedule,Reschedule C1,Done,,2026-04-21 08:26:59,,,2026-04-21 08:29:01,2026-04-21 08:31:33
CON-008,Consultation,R1 C3,Done,,2026-04-21 08:27:26,2026-04-21 08:33:09,2026-04-21 08:33:46,2026-04-21 08:59:54,2026-04-21 09:34:34
CON-009,Consultation,R3 C2,Done,,2026-04-21 08:34:39,2026-04-21 08:34:39,2026-04-21 08:34:46,2026-04-21 09:34:34,2026-04-21 09:39:03
OPD-010,OPD Card,Admin C1,Done,,2026-04-21 08:35:38,,,2026-04-21 08:38:00,2026-04-21 08:39:38
CON-011,Consultation,R3 C3,Done,,2026-04-21 08:38:47,2026-04-21 08:38:47,2026-04-21 08:42:01,2026-04-21 09:39:03,2026-04-21 10:08:08
CON-012,Consultation,R1 C1,Done,,2026-04-21 08:55:12,2026-04-21 08:55:12,2026-04-21 08:55:23,2026-04-21 10:08:08,2026-04-21 10:09:57
ECG-013,ECG,ECG R1,Done,,2026-04-21 08:57:30,,,2026-04-21 09:00:15,2026-04-21 09:06:30
OPD-014,OPD Screening,R1 C3,Done,,2026-04-21 09:20:34,2026-04-21 09:20:34,2026-04-21 09:21:34,2026-04-21 09:21:34,2026-04-21 09:51:39
CON-015,Consultation,R3 C1,Done,,2026-04-21 09:21:59,2026-04-21 09:21:59,2026-04-21 09:23:32,2026-04-21 10:09:57,2026-04-21 10:42:14
OPD-016,OPD Screening,R1 C2,Done,,2026-04-21 09:24:13,2026-04-21 09:24:13,2026-04-21 09:27:43,2026-04-21 09:51:39,2026-04-21 09:56:09
CON-017,Consultation,R4 C5,Done,,2026-04-21 09:29:24,2026-04-21 09:29:24,2026-04-21 09:31:14,2026-04-21 10:42:14,2026-04-21 10:46:55
ECG-018,ECG,ECG R1,Done,,2026-04-21 09:32:00,,,2026-04-21 09:33:33,2026-04-21 09:35:53
CON-019,Consultation,R3 C1,Done,,2026-04-21 09:33:55,2026-04-21 09:33:55,2026-04-21 09:34:24,2026-04-21 10:46:55,2026-04-21 10:48:15
CON-020,Consultation,R3 C1,Done,,2026-04-21 09:36:48,2026-04-21 09:36:48,2026-04-21 09:37:00,2026-04-21 10:48:15,2026-04-21 11:19:34
CON-021,Consultation,R2 C4,Done,,2026-04-21 09:39:18,2026-04-21 09:39:18,2026-04-21 09:39:19,2026-04-21 11:19:34,2026-04-21 12:10:58
CON-022,Consultation,R4 C4,Done,,2026-04-21 09:51:32,2026-04-21 09:51:32,2026-04-21 09:52:12,2026-04-21 12:10:58,2026-04-21 12:17:03
CON-023,Consultation,R3 C1,Done,,2026-04-21 09:53:16,2026-04-21 09:53:16,2026-04-21 09:53:28,2026-04-21 12:17:03,2026-04-21 12:48:42
ECG-024,ECG,ECG R1,Done,,2026-04-21 09:57:50,,,2026-04-21 10:00:24,2026-04-21 10:09:02
CON-025,Consultation,R2 C3,Done,,2026-04-21 10:00:11,2026-04-21 10:00:11,2026-04-21 10:02:58,2026-04-21 12:48:42,2026-04-21 13:03:08
OPD-026,OPD Screening,R1 C2,Done,,2026-04-21 10:05:12,2026-04-21 10:05:12,2026-04-21 10:08:40,2026-04-21 10:08:40,2026-04-21 10:32:57
REF-027,Refill Prescription,Refill C1,Done,,2026-04-21 10:06:05,,,2026-04-21 10:07:12,2026-04-21 10:12:52
CON-028,Consultation,R1 C5,Done,,2026-04-21 10:06:34,2026-04-21 10:08:40,2026-04-21 10:09:02,2026-04-21 13:03:08,2026-04-21 13:05:14
WAR-029,Warfarin,Warfarin C1,Done,,2026-04-21 10:06:45,,,2026-04-21 10:08:42,2026-04-21 10:10:41
CON-030,Consultation,R1 C2,Done,,2026-04-21 10:07:57,2026-04-21 10:09:02,2026-04-21 10:10:42,2026-04-21 13:05:14,2026-04-21 13:18:59
CON-031,Consultation,R2 C2,Done,,2026-04-21 10:11:34,2026-04-21 10:11:34,2026-04-21 10:13:26,2026-04-21 13:18:59,2026-04-21 13:29:23
CON-032,Consultation,R1 C3,Done,,2026-04-21 10:12:55,2026-04-21 10:13:26,2026-04-21 10:14:47,2026-04-21 13:29:23,2026-04-21 13:33:19
CON-033,Consultation,R1 C4,Done,,2026-04-21 10:27:31,2026-04-21 10:27:31,2026-04-21 10:35:21,2026-04-21 13:33:19,2026-04-21 14:07:35
ECG-034,ECG,ECG R1,Done,,2026-04-21 10:32:11,,,2026-04-21 10:33:22,2026-04-21 10:34:19
CON-035,Consultation,R4 C2,Done,,2026-04-21 10:34:19,2026-04-21 10:35:21,2026-04-21 10:41:50,2026-04-21 14:07:35,2026-04-21 14:16:44
CON-036,Consultation,R4 C1,Done,,2026-04-21 10:41:19,2026-04-21 10:41:50,2026-04-21 10:42:45,2026-04-21 14:16:44,2026-04-21 14:19:17
CON-037,Consultation,R3 C5,Done,,2026-04-21 10:47:48,2026-04-21 10:47:48,2026-04-21 10:48:11,2026-04-21 14:19:17,2026-04-21 14:57:33
OPD-038,OPD Screening,R1 C2,Done,,2026-04-21 10:48:42,2026-04-21 10:48:42,2026-04-21 10:50:24,2026-04-21 10:50:24,2026-04-21 10:51:07
OPD-039,OPD Screening,R1 C1,Done,,2026-04-21 10:49:21,2026-04-21 10:50:24,2026-04-21 11:01:00,2026-04-21 11:01:00,2026-04-21 11:18:21
WAR-040,Warfarin,Warfarin C1,Done,,2026-04-21 10:51:04,,,2026-04-21 10:53:48,2026-04-21 10:58:58
BEN-041,Benzathine,Benzathine C1,Done,,2026-04-21 10:53:04,,,2026-04-21 10:58:58,2026-04-21 11:12:04
CON-042,Consultation,R3 C2,Done,,2026-04-21 11:02:29,2026-04-21 11:02:29,2026-04-21 11:05:47,2026-04-21 14:57:33,2026-04-21 15:06:09
OPD-043,OPD Card,Admin C1,Done,,2026-04-21 11:03:18,,,2026-04-21 11:05:13,2026-04-21 11:05:42
OPD-044,OPD Screening,R1 C2,Done,,2026-04-21 11:04:24,2026-04-21 11:05:47,2026-04-21 11:09:56,2026-04-21 11:18:21,2026-04-21 11:45:11
CON-045,Consultation,R1 C4,Done,,2026-04-21 11:05:11,2026-04-21 11:09:56,2026-04-21 11:15:02,2026-04-21 15:06:09,2026-04-21 15:08:54
CON-046,Consultation,R4 C5,Done,,2026-04-21 11:06:03,2026-04-21 11:15:02,2026-04-21 11:16:19,2026-04-21 15:08:54,2026-04-21 15:09:55
ECG-047,ECG,ECG R1,Done,,2026-04-21 11:10:56,,,2026-04-21 11:12:44,2026-04-21 11:16:31
CON-048,Consultation,R4 C3,Done,,2026-04-21 11:18:14,2026-04-21 11:18:14,2026-04-21 11:20:57,2026-04-21 15:09:55,2026-04-21 15:11:10
ECG-049,ECG,ECG R1,Done,,2026-04-21 11:22:02,,,2026-04-21 11:23:16,2026-04-21 11:49:01
OPD-050,OPD Card,Admin C1,Done,,2026-04-21 11:25:33,,,2026-04-21 11:27:35,2026-04-21 11:33:45
OPD-051,OPD Screening,R1 C2,Done,,2026-04-21 11:29:27,2026-04-21 11:29:27,2026-04-21 11:34:19,2026-04-21 11:45:11,2026-04-21 11:47:26
OPD-052,OPD Screening,R1 C3,Done,,2026-04-21 11:42:04,2026-04-21 11:42:04,2026-04-21 11:42:36,2026-04-21 11:47:26,2026-04-21 12:19:06
REF-053,Refill Prescription,Refill C1,Done,,2026-04-21 11:45:09,,,2026-04-21 11:48:08,2026-04-21 11:51:09
CON-054,Consultation,R1 C4,Done,,2026-04-21 11:45:10,2026-04-21 11:45:10,2026-04-21 11:46:41,2026-04-21 15:11:10,2026-04-21 15:17:05
CON-055,Consultation,R2 C4,Done,,2026-04-21 11:47:29,2026-04-21 11:47:29,2026-04-21 11:49:28,2026-04-21 15:17:05,2026-04-21 15:21:43
OPD-056,OPD Card,Admin C1,Done,,2026-04-21 11:53:09,,,2026-04-21 11:54:38,2026-04-21 12:05:00
CON-057,Consultation,R2 C2,Done,,2026-04-21 11:55:29,2026-04-21 11:55:29,2026-04-21 11:58:09,2026-04-21 15:21:43,2026-04-21 15:29:20
CON-058,Consultation,R4 C4,Done,,2026-04-21 11:59:48,2026-04-21 11:59:48,2026-04-21 12:00:05,2026-04-21 15:29:20,2026-04-21 15:38:45
OPD-059,OPD Reschedule,Reschedule C1,Done,,2026-04-21 12:04:53,,,2026-04-21 12:07:46,2026-04-21 12:16:06
CON-060,Consultation,R4 C3,Done,,2026-04-21 12:11:56,2026-04-21 12:11:56,2026-04-21 12:14:06,2026-04-21 15:38:45,2026-04-21 16:04:41
CON-061,Consultation,R2 C5,Done,,2026-04-21 12:20:47,2026-04-21 12:20:47,2026-04-21 12:21:05,2026-04-21 16:04:41,2026-04-21 16:32:24
CON-062,Consultation,R2 C5,Done,,2026-04-21 12:38:49,2026-04-21 12:38:49,2026-04-21 12:39:13,2026-04-21 16:32:24,2026-04-21 16:34:39
ECG-063,ECG,ECG R1,Done,,2026-04-21 12:39:46,,,2026-04-21 12:41:09,2026-04-21 12:49:15
CON-064,Consultation,R1 C4,Done,,2026-04-21 12:40:28,2026-04-21 12:40:28,2026-04-21 12:44:03,2026-04-21 16:34:39,2026-04-21 16:38:15
REF-065,Refill Prescription,Refill C1,Done,,2026-04-21 12:50:46,,,2026-04-21 12:52:55,2026-04-21 13:01:19
OPD-066,OPD Screening,R1 C1,Done,,2026-04-21 12:51:13,2026-04-21 12:51:13,2026-04-21 12:51:32,2026-04-21 12:51:32,2026-04-21 12:56:29
OPD-067,OPD Reschedule,Reschedule C1,Done,,2026-04-21 12:52:20,,,2026-04-21 13:01:19,2026-04-21 13:02:36
BEN-068,Benzathine,Benzathine C1,Done,,2026-04-21 12:53:00,,,2026-04-21 12:54:11,2026-04-21 13:04:03
OPD-069,OPD Reschedule,Reschedule C1,Done,,2026-04-21 12:54:16,,,2026-04-21 13:02:36,2026-04-21 13:11:28
CON-070,Consultation,R1 C3,Done,,2026-04-21 12:55:48,2026-04-21 12:55:48,2026-04-21 12:59:01,2026-04-21 16:38:15,2026-04-21 16:54:16
WAR-071,Warfarin,Warfarin C1,Done,,2026-04-21 12:59:01,,,2026-04-21 13:04:03,2026-04-21 13:22:47
OPD-072,OPD Screening,R1 C1,Done,,2026-04-21 13:00:05,2026-04-21 13:00:05,2026-04-21 13:09:50,2026-04-21 13:09:50,2026-04-21 13:12:48
OPD-073,OPD Card,Admin C1,Done,,2026-04-21 13:00:52,,,2026-04-21 13:11:28,2026-04-21 13:20:08
CON-074,Consultation,R4 C2,Done,,2026-04-21 13:05:10,2026-04-21 13:09:50,2026-04-21 13:21:38,2026-04-21 16:54:16,2026-04-21 17:21:32
OPD-075,OPD Screening,R1 C1,Done,,2026-04-21 13:05:48,2026-04-21 13:21:38,2026-04-21 13:28:06,2026-04-21 13:28:06,2026-04-21 13:33:06
CON-076,Consultation,R2 C4,Done,,2026-04-21 13:06:37,2026-04-21 13:28:06,2026-04-21 13:30:22,2026-04-21 17:21:32,2026-04-21 17:51:50
CON-077,Consultation,R3 C4,Done,,2026-04-21 13:15:21,2026-04-21 13:30:22,2026-04-21 13:34:13,2026-04-21 17:51:50,2026-04-21 17:55:52
WAR-078,Warfarin,Warfarin C1,Done,,2026-04-21 13:34:30,,,2026-04-21 13:35:59,2026-04-21 13:37:19
CON-079,Consultation,R2 C2,Done,,2026-04-21 13:40:02,2026-04-21 13:40:02,2026-04-21 13:45:36,2026-04-21 17:55:52,2026-04-21 18:00:38
OPD-080,OPD Screening,R1 C3,Done,,2026-04-21 13:51:06,2026-04-21 13:51:06,2026-04-21 13:51:21,2026-04-21 13:51:21,2026-04-21 13:54:05
CON-081,Consultation,R3 C5,Done,,2026-04-21 14:01:29,2026-04-21 14:01:29,2026-04-21 14:02:34,2026-04-21 18:00:38,2026-04-21 18:13:18
CON-082,Consultation,R2 C1,Done,,2026-04-21 14:29:30,2026-04-21 14:29:30,2026-04-21 14:30:46,2026-04-21 18:13:18,2026-04-21 18:40:16
OPD-001,OPD Card,Admin C1,Done,,2026-04-22 08:01:25,,,2026-04-22 08:03:54,2026-04-22 08:09:37
BEN-002,Benzathine,Benzathine C1,Done,,2026-04-22 08:01:36,,,2026-04-22 08:03:55,2026-04-22 08:18:23
CON-003,Consultation,R2 C4,Done,,2026-04-22 08:04:57,2026-04-22 08:04:57,2026-04-22 08:06:50,2026-04-22 08:06:50,2026-04-22 08:18:53
OPD-004,OPD Card,Admin C1,Done,,2026-04-22 08:06:49,,,2026-04-22 08:09:37,2026-04-22 08:12:39
OPD-005,OPD Screening,R1 C3,Done,,2026-04-22 08:07:11,2026-04-22 08:07:11,2026-04-22 08:10:20,2026-04-22 08:10:20,2026-04-22 08:14:11
BEN-006,Benzathine,Benzathine C1,Done,,2026-04-22 08:09:57,,,2026-04-22 08:18:23,2026-04-22 08:35:29
CON-007,Consultation,R2 C4,Done,,2026-04-22 08:21:08,2026-04-22 08:21:08,2026-04-22 08:22:08,2026-04-22 08:22:08,2026-04-22 08:36:51
CON-008,Consultation,R1 C5,Done,,2026-04-22 08:30:16,2026-04-22 08:30:16,2026-04-22 08:31:43,2026-04-22 08:36:51,2026-04-22 08:41:49
CON-009,Consultation,R1 C4,Done,,2026-04-22 08:35:04,2026-04-22 08:35:04,2026-04-22 08:42:47,2026-04-22 08:42:47,2026-04-22 08:43:38
OPD-010,OPD Screening,R1 C2,Done,,2026-04-22 08:48:13,2026-04-22 08:48:13,2026-04-22 08:49:30,2026-04-22 08:49:30,2026-04-22 09:06:23
CON-011,Consultation,R1 C4,Done,,2026-04-22 08:50:05,2026-04-22 08:50:05,2026-04-22 08:50:09,2026-04-22 08:50:09,2026-04-22 09:10:30
WAR-012,Warfarin,Warfarin C1,Done,,2026-04-22 08:56:50,,,2026-04-22 08:59:16,2026-04-22 08:59:18
CON-013,Consultation,R2 C3,Done,,2026-04-22 09:05:02,2026-04-22 09:05:02,2026-04-22 09:07:20,2026-04-22 09:10:30,2026-04-22 09:24:50
WAR-014,Warfarin,Warfarin C1,Done,,2026-04-22 09:05:26,,,2026-04-22 09:07:29,2026-04-22 09:26:06
REF-015,Refill Prescription,Refill C1,Done,,2026-04-22 09:09:39,,,2026-04-22 09:12:31,2026-04-22 09:15:59
OPD-016,OPD Screening,R1 C1,Done,,2026-04-22 09:13:45,2026-04-22 09:13:45,2026-04-22 09:16:37,2026-04-22 09:16:37,2026-04-22 09:17:21
CON-017,Consultation,R4 C1,Done,,2026-04-22 09:17:26,2026-04-22 09:17:26,2026-04-22 09:18:17,2026-04-22 09:24:50,2026-04-22 09:53:38
WAR-018,Warfarin,Warfarin C1,Done,,2026-04-22 09:25:01,,,2026-04-22 09:27:35,2026-04-22 09:31:54
CON-019,Consultation,R4 C3,Done,,2026-04-22 09:26:16,2026-04-22 09:26:16,2026-04-22 09:26:53,2026-04-22 09:53:38,2026-04-22 10:31:46
BEN-020,Benzathine,Benzathine C1,Done,,2026-04-22 09:30:32,,,2026-04-22 09:32:39,2026-04-22 10:05:51
REF-021,Refill Prescription,Refill C1,Done,,2026-04-22 09:33:17,,,2026-04-22 09:34:31,2026-04-22 09:35:49
WAR-022,Warfarin,Warfarin C1,Done,,2026-04-22 09:33:41,,,2026-04-22 10:05:51,2026-04-22 10:11:14
CON-023,Consultation,R1 C3,Done,,2026-04-22 09:33:46,2026-04-22 09:33:46,2026-04-22 09:34:57,2026-04-22 10:31:46,2026-04-22 10:34:50
OPD-024,OPD Card,Admin C1,Done,,2026-04-22 09:36:44,,,2026-04-22 09:38:17,2026-04-22 09:40:09
OPD-025,OPD Card,Admin C1,Done,,2026-04-22 09:50:01,,,2026-04-22 09:52:24,2026-04-22 09:58:23
CON-026,Consultation,R4 C4,Done,,2026-04-22 09:50:43,2026-04-22 09:50:43,2026-04-22 09:55:29,2026-04-22 10:34:50,2026-04-22 11:29:24
CON-027,Consultation,R3 C1,Done,,2026-04-22 09:51:32,2026-04-22 09:55:29,2026-04-22 09:55:34,2026-04-22 11:29:24,2026-04-22 11:58:22
OPD-028,OPD Reschedule,Reschedule C1,Done,,2026-04-22 10:10:18,,,2026-04-22 10:11:33,2026-04-22 10:20:08
CON-029,Consultation,R3 C5,Done,,2026-04-22 10:33:07,2026-04-22 10:33:07,2026-04-22 10:33:12,2026-04-22 11:58:22,2026-04-22 11:58:34
WAR-030,Warfarin,Warfarin C1,Done,,2026-04-22 10:34:01,,,2026-04-22 10:36:17,2026-04-22 10:39:10
CON-031,Consultation,R3 C3,Done,,2026-04-22 10:34:57,2026-04-22 10:34:57,2026-04-22 10:36:30,2026-04-22 11:58:34,2026-04-22 12:18:45
CON-032,Consultation,R4 C4,Done,,2026-04-22 10:45:57,2026-04-22 10:45:57,2026-04-22 10:53:47,2026-04-22 12:18:45,2026-04-22 12:25:13
CON-033,Consultation,R2 C5,Done,,2026-04-22 10:46:39,2026-04-22 10:53:47,2026-04-22 10:55:32,2026-04-22 12:25:13,2026-04-22 12:28:50
OPD-034,OPD Card,Admin C1,Done,,2026-04-22 10:52:48,,,2026-04-22 10:54:23,2026-04-22 10:55:35
BEN-035,Benzathine,Benzathine C1,Done,,2026-04-22 10:57:49,,,2026-04-22 10:59:21,2026-04-22 10:59:42
CON-036,Consultation,R4 C3,Done,,2026-04-22 11:06:43,2026-04-22 11:06:43,2026-04-22 11:10:26,2026-04-22 12:28:50,2026-04-22 13:42:44
ECG-037,ECG,ECG R1,Done,,2026-04-22 11:10:27,,,2026-04-22 11:13:18,2026-04-22 11:19:24
CON-038,Consultation,R4 C1,Done,,2026-04-22 11:11:28,2026-04-22 11:11:28,2026-04-22 11:14:06,2026-04-22 13:42:44,2026-04-22 14:14:51
WAR-039,Warfarin,Warfarin C1,Done,,2026-04-22 11:15:51,,,2026-04-22 11:16:56,2026-04-22 11:23:35
CON-040,Consultation,R1 C1,Done,,2026-04-22 11:19:34,2026-04-22 11:19:34,2026-04-22 11:21:06,2026-04-22 14:14:51,2026-04-22 14:28:05
OPD-041,OPD Screening,R1 C2,Done,,2026-04-22 11:41:00,2026-04-22 11:41:00,2026-04-22 11:42:34,2026-04-22 11:42:34,2026-04-22 11:46:19
CON-042,Consultation,R4 C5,Done,,2026-04-22 11:51:28,2026-04-22 11:51:28,2026-04-22 11:51:46,2026-04-22 14:28:05,2026-04-22 14:43:28
CON-043,Consultation,R3 C3,Done,,2026-04-22 11:55:59,2026-04-22 11:55:59,2026-04-22 12:06:17,2026-04-22 14:43:28,2026-04-22 14:45:05
OPD-044,OPD Card,Admin C1,Done,,2026-04-22 12:03:58,,,2026-04-22 12:06:24,2026-04-22 12:09:37
OPD-045,OPD Screening,R1 C1,Done,,2026-04-22 12:08:06,2026-04-22 12:08:06,2026-04-22 12:16:06,2026-04-22 12:16:06,2026-04-22 12:16:58
CON-046,Consultation,R3 C3,Done,,2026-04-22 12:08:30,2026-04-22 12:16:06,2026-04-22 12:24:51,2026-04-22 14:45:05,2026-04-22 15:07:50
OPD-047,OPD Screening,R1 C2,Done,,2026-04-22 12:10:57,2026-04-22 12:24:51,2026-04-22 12:29:43,2026-04-22 12:29:43,2026-04-22 12:30:20
ECG-048,ECG,ECG R1,Done,,2026-04-22 12:20:48,,,2026-04-22 12:23:06,2026-04-22 12:42:54
CON-049,Consultation,R1 C3,Done,,2026-04-22 12:26:20,2026-04-22 12:29:43,2026-04-22 12:34:20,2026-04-22 15:07:50,2026-04-22 15:58:33
OPD-050,OPD Card,Admin C1,Done,,2026-04-22 12:26:24,,,2026-04-22 12:28:53,2026-04-22 12:29:21
CON-051,Consultation,R3 C5,Done,,2026-04-22 12:35:29,2026-04-22 12:35:29,2026-04-22 12:39:52,2026-04-22 15:58:33,2026-04-22 16:08:07
WAR-052,Warfarin,Warfarin C1,Done,,2026-04-22 12:37:26,,,2026-04-22 12:39:17,2026-04-22 12:55:56
OPD-053,OPD Card,Admin C1,Done,,2026-04-22 12:41:39,,,2026-04-22 12:42:56,2026-04-22 13:06:11
CON-054,Consultation,R3 C2,Done,,2026-04-22 12:56:47,2026-04-22 12:56:47,2026-04-22 12:58:58,2026-04-22 16:08:07,2026-04-22 16:09:09
WAR-055,Warfarin,Warfarin C1,Done,,2026-04-22 12:59:19,,,2026-04-22 13:01:40,2026-04-22 13:01:46
ECG-056,ECG,ECG R1,Done,,2026-04-22 13:19:38,,,2026-04-22 13:20:48,2026-04-22 13:56:02
CON-057,Consultation,R1 C4,Done,,2026-04-22 13:20:27,2026-04-22 13:20:27,2026-04-22 13:21:30,2026-04-22 16:09:09,2026-04-22 16:19:21
ECG-058,ECG,ECG R1,Done,,2026-04-22 13:20:33,,,2026-04-22 13:56:02,2026-04-22 14:23:35
OPD-059,OPD Card,Admin C1,Done,,2026-04-22 13:23:24,,,2026-04-22 13:26:04,2026-04-22 13:37:12
CON-060,Consultation,R1 C3,Done,,2026-04-22 13:23:31,2026-04-22 13:23:31,2026-04-22 13:23:50,2026-04-22 16:19:21,2026-04-22 16:27:06
CON-061,Consultation,R3 C5,Done,,2026-04-22 13:27:00,2026-04-22 13:27:00,2026-04-22 13:30:31,2026-04-22 16:27:06,2026-04-22 16:49:26
CON-062,Consultation,R4 C3,Done,,2026-04-22 13:33:24,2026-04-22 13:33:24,2026-04-22 13:35:34,2026-04-22 16:49:26,2026-04-22 17:03:10
OPD-063,OPD Reschedule,Reschedule C1,Done,,2026-04-22 13:35:44,,,2026-04-22 13:37:12,2026-04-22 13:39:40
CON-064,Consultation,R1 C2,Done,,2026-04-22 13:39:36,2026-04-22 13:39:36,2026-04-22 13:39:50,2026-04-22 17:03:10,2026-04-22 17:10:47
CON-065,Consultation,R3 C1,Done,,2026-04-22 13:42:37,2026-04-22 13:42:37,2026-04-22 13:47:19,2026-04-22 17:10:47,2026-04-22 17:23:15
CON-066,Consultation,R2 C1,Done,,2026-04-22 13:43:33,2026-04-22 13:47:19,2026-04-22 13:49:17,2026-04-22 17:23:15,2026-04-22 17:29:05
WAR-067,Warfarin,Warfarin C1,Done,,2026-04-22 13:48:20,,,2026-04-22 13:50:51,2026-04-22 14:00:33
CON-068,Consultation,R1 C1,Done,,2026-04-22 13:56:48,2026-04-22 13:56:48,2026-04-22 13:58:10,2026-04-22 17:29:05,2026-04-22 17:43:31
OPD-069,OPD Reschedule,Reschedule C1,Done,,2026-04-22 14:01:21,,,2026-04-22 14:02:47,2026-04-22 14:02:56
ECG-070,ECG,ECG R1,Done,,2026-04-22 14:04:00,,,2026-04-22 14:23:35,2026-04-22 14:33:40
OPD-071,OPD Screening,R1 C1,Done,,2026-04-22 14:07:06,2026-04-22 14:07:06,2026-04-22 14:08:31,2026-04-22 14:08:31,2026-04-22 14:33:33
OPD-072,OPD Reschedule,Reschedule C1,Done,,2026-04-22 14:07:58,,,2026-04-22 14:09:34,2026-04-22 14:11:33
OPD-073,OPD Screening,R1 C2,Done,,2026-04-22 14:12:05,2026-04-22 14:12:05,2026-04-22 14:17:45,2026-04-22 14:33:33,2026-04-22 14:45:31
CON-074,Consultation,R4 C4,Done,,2026-04-22 14:12:26,2026-04-22 14:17:45,2026-04-22 14:20:32,2026-04-22 17:43:31,2026-04-22 18:02:59
OPD-075,OPD Screening,R1 C1,Done,,2026-04-22 14:22:36,2026-04-22 14:22:36,2026-04-22 14:29:56,2026-04-22 14:45:31,2026-04-22 15:07:55
OPD-076,OPD Card,Admin C1,Done,,2026-04-22 14:27:36,,,2026-04-22 14:29:34,2026-04-22 14:35:03
CON-077,Consultation,R4 C2,Done,,2026-04-22 14:27:52,2026-04-22 14:29:56,2026-04-22 14:30:28,2026-04-22 18:02:59,2026-04-22 18:15:22
CON-078,Consultation,R1 C4,Done,,2026-04-22 14:38:45,2026-04-22 14:38:45,2026-04-22 14:46:33,2026-04-22 18:15:22,2026-04-22 18:42:37
CON-079,Consultation,R2 C4,Done,,2026-04-22 14:39:40,2026-04-22 14:46:33,2026-04-22 14:47:40,2026-04-22 18:42:37,2026-04-22 19:24:42
REF-080,Refill Prescription,Refill C1,Done,,2026-04-22 14:39:44,,,2026-04-22 14:42:43,2026-04-22 14:52:17
OPD-081,OPD Screening,R1 C1,Done,,2026-04-22 14:40:51,2026-04-22 14:47:40,2026-04-22 14:49:02,2026-04-22 15:07:55,2026-04-22 15:11:08
BEN-082,Benzathine,Benzathine C1,Done,,2026-04-22 14:40:57,,,2026-04-22 14:43:26,2026-04-22 14:48:56
CON-001,Consultation,R3 C4,Done,,2026-04-23 08:00:27,2026-04-23 08:00:27,2026-04-23 08:04:35,2026-04-23 08:04:35,2026-04-23 08:07:55
OPD-002,OPD Screening,R1 C1,Done,,2026-04-23 08:01:36,2026-04-23 08:04:35,2026-04-23 08:07:35,2026-04-23 08:07:35,2026-04-23 08:14:12
WAR-003,Warfarin,Warfarin C1,Done,,2026-04-23 08:14:26,,,2026-04-23 08:16:35,2026-04-23 08:27:52
CON-004,Consultation,R4 C5,Done,,2026-04-23 08:14:29,2026-04-23 08:14:29,2026-04-23 08:15:33,2026-04-23 08:15:33,2026-04-23 08:27:57
OPD-005,OPD Card,Admin C1,Done,,2026-04-23 08:24:01,,,2026-04-23 08:25:17,2026-04-23 08:31:56
CON-006,Consultation,R3 C1,Done,,2026-04-23 08:28:47,2026-04-23 08:28:47,2026-04-23 08:31:19,2026-04-23 08:31:19,2026-04-23 08:34:01
ECG-007,ECG,ECG R1,Done,,2026-04-23 08:28:48,,,2026-04-23 08:30:37,2026-04-23 08:36:12
BEN-008,Benzathine,Benzathine C1,Done,,2026-04-23 08:29:41,,,2026-04-23 08:31:43,2026-04-23 08:32:17
CON-009,Consultation,R2 C1,Done,,2026-04-23 08:39:49,2026-04-23 08:39:49,2026-04-23 08:42:53,2026-04-23 08:42:53,2026-04-23 08:46:17
CON-010,Consultation,R4 C3,Done,,2026-04-23 08:44:27,2026-04-23 08:44:27,2026-04-23 08:46:16,2026-04-23 08:46:17,2026-04-23 08:50:11
WAR-011,Warfarin,Warfarin C1,Done,,2026-04-23 08:47:51,,,2026-04-23 08:50:22,2026-04-23 08:56:00
OPD-012,OPD Screening,R1 C3,Done,,2026-04-23 08:49:41,2026-04-23 08:49:41,2026-04-23 09:03:48,2026-04-23 09:03:48,2026-04-23 09:09:04
OPD-013,OPD Screening,R1 C3,Done,,2026-04-23 08:51:41,2026-04-23 09:03:48,2026-04-23 09:06:52,2026-04-23 09:09:04,2026-04-23 09:32:53
REF-014,Refill Prescription,Refill C1,Done,,2026-04-23 08:53:13,,,2026-04-23 08:55:24,2026-04-23 08:55:45
CON-015,Consultation,R1 C1,Done,,2026-04-23 08:54:17,2026-04-23 09:06:52,2026-04-23 09:08:06,2026-04-23 09:08:06,2026-04-23 09:18:51
OPD-016,OPD Screening,R1 C1,Done,,2026-04-23 09:10:00,2026-04-23 09:10:00,2026-04-23 09:10:18,2026-04-23 09:32:53,2026-04-23 09:37:41
CON-017,Consultation,R2 C1,Done,,2026-04-23 09:15:48,2026-04-23 09:15:48,2026-04-23 09:17:04,2026-04-23 09:18:51,2026-04-23 10:00:32
CON-018,Consultation,R1 C5,Done,,2026-04-23 09:19:41,2026-04-23 09:19:41,2026-04-23 09:21:13,2026-04-23 10:00:32,2026-04-23 10:02:27
REF-019,Refill Prescription,Refill C1,Done,,2026-04-23 09:26:58,,,2026-04-23 09:29:21,2026-04-23 09:32:30
BEN-020,Benzathine,Benzathine C1,Done,,2026-04-23 09:32:40,,,2026-04-23 09:34:31,2026-04-23 10:04:44
CON-021,Consultation,R4 C4,Done,,2026-04-23 09:45:03,2026-04-23 09:45:03,2026-04-23 09:48:45,2026-04-23 10:02:27,2026-04-23 10:09:54
CON-022,Consultation,R2 C4,Done,,2026-04-23 09:57:07,2026-04-23 09:57:07,2026-04-23 09:57:24,2026-04-23 10:09:54,2026-04-23 10:12:03
OPD-023,OPD Screening,R1 C1,Done,,2026-04-23 09:58:22,2026-04-23 09:58:22,2026-04-23 09:58:26,2026-04-23 09:58:26,2026-04-23 10:06:28
OPD-024,OPD Card,Admin C1,Done,,2026-04-23 10:01:12,,,2026-04-23 10:03:30,2026-04-23 10:11:18
REF-025,Refill Prescription,Refill C1,Done,,2026-04-23 10:06:41,,,2026-04-23 10:11:18,2026-04-23 10:17:33
WAR-026,Warfarin,Warfarin C1,Done,,2026-04-23 10:09:21,,,2026-04-23 10:10:36,2026-04-23 10:11:14
CON-027,Consultation,R3 C4,Done,,2026-04-23 10:09:59,2026-04-23 10:09:59,2026-04-23 10:16:09,2026-04-23 10:16:09,2026-04-23 10:28:18
OPD-028,OPD Reschedule,Reschedule C1,Done,,2026-04-23 10:10:39,,,2026-04-23 10:17:33,2026-04-23 10:19:15
CON-029,Consultation,R4 C1,Done,,2026-04-23 10:13:06,2026-04-23 10:16:09,2026-04-23 10:21:01,2026-04-23 10:28:18,2026-04-23 10:36:09
CON-030,Consultation,R4 C3,Done,,2026-04-23 10:14:39,2026-04-23 10:21:01,2026-04-23 10:22:48,2026-04-23 10:36:09,2026-04-23 10:46:18
OPD-031,OPD Reschedule,Reschedule C1,Done,,2026-04-23 10:18:57,,,2026-04-23 10:21:42,2026-04-23 10:23:00
WAR-032,Warfarin,Warfarin C1,Done,,2026-04-23 10:23:13,,,2026-04-23 10:24:36,2026-04-23 10:39:51
CON-033,Consultation,R2 C1,Done,,2026-04-23 10:30:48,2026-04-23 10:30:48,2026-04-23 10:34:11,2026-04-23 10:46:18,2026-04-23 11:16:03
WAR-034,Warfarin,Warfarin C1,Done,,2026-04-23 10:37:46,,,2026-04-23 10:39:51,2026-04-23 10:53:36
WAR-035,Warfarin,Warfarin C1,Done,,2026-04-23 10:55:43,,,2026-04-23 10:57:02,2026-04-23 11:04:40
WAR-036,Warfarin,Warfarin C1,Done,,2026-04-23 10:57:26,,,2026-04-23 11:04:40,2026-04-23 11:09:15
CON-037,Consultation,R4 C1,Done,,2026-04-23 11:00:17,2026-04-23 11:00:17,2026-04-23 11:00:53,2026-04-23 11:16:03,2026-04-23 11:40:50
WAR-038,Warfarin,Warfarin C1,Done,,2026-04-23 11:07:18,,,2026-04-23 11:10:04,2026-04-23 11:13:37
WAR-039,Warfarin,Warfarin C1,Done,,2026-04-23 11:10:06,,,2026-04-23 11:13:37,2026-04-23 11:19:22
OPD-040,OPD Reschedule,Reschedule C1,Done,,2026-04-23 11:10:18,,,2026-04-23 11:12:59,2026-04-23 11:14:10
CON-041,Consultation,R1 C5,Done,,2026-04-23 11:17:15,2026-04-23 11:17:15,2026-04-23 11:17:47,2026-04-23 11:40:50,2026-04-23 11:59:33
WAR-042,Warfarin,Warfarin C1,Done,,2026-04-23 11:19:21,,,2026-04-23 11:20:48,2026-04-23 11:22:01
CON-043,Consultation,R4 C5,Done,,2026-04-23 11:19:43,2026-04-23 11:19:43,2026-04-23 11:21:18,2026-04-23 11:59:33,2026-04-23 12:25:07
CON-044,Consultation,R4 C3,Done,,2026-04-23 11:19:57,2026-04-23 11:21:18,2026-04-23 11:23:21,2026-04-23 12:25:07,2026-04-23 12:36:11
OPD-045,OPD Screening,R1 C2,Done,,2026-04-23 11:28:04,2026-04-23 11:28:04,2026-04-23 11:32:16,2026-04-23 11:32:16,2026-04-23 11:40:37
CON-046,Consultation,R1 C3,Done,,2026-04-23 11:30:37,2026-04-23 11:32:16,2026-04-23 11:39:12,2026-04-23 12:36:11,2026-04-23 12:50:38
OPD-047,OPD Card,Admin C1,Done,,2026-04-23 11:31:05,,,2026-04-23 11:33:01,2026-04-23 11:39:41
REF-048,Refill Prescription,Refill C1,Done,,2026-04-23 11:34:36,,,2026-04-23 11:39:41,2026-04-23 11:40:07
REF-049,Refill Prescription,Refill C1,Done,,2026-04-23 11:34:53,,,2026-04-23 11:40:07,2026-04-23 11:49:16
OPD-050,OPD Card,Admin C1,Done,,2026-04-23 11:36:25,,,2026-04-23 11:49:16,2026-04-23 11:51:43
WAR-051,Warfarin,Warfarin C1,Done,,2026-04-23 11:48:20,,,2026-04-23 11:49:47,2026-04-23 11:58:05
OPD-052,OPD Card,Admin C1,Done,,2026-04-23 11:53:59,,,2026-04-23 11:56:47,2026-04-23 12:05:10
WAR-053,Warfarin,Warfarin C1,Done,,2026-04-23 12:01:16,,,2026-04-23 12:03:36,2026-04-23 12:05:15
CON-054,Consultation,R1 C5,Done,,2026-04-23 12:16:43,2026-04-23 12:16:43,2026-04-23 12:19:13,2026-04-23 12:50:38,2026-04-23 13:03:02
CON-055,Consultation,R1 C5,Done,,2026-04-23 12:20:30,2026-04-23 12:20:30,2026-04-23 12:25:26,2026-04-23 13:03:02,2026-04-23 13:22:37
CON-056,Consultation,R1 C1,Done,,2026-04-23 12:28:31,2026-04-23 12:28:31,2026-04-23 12:30:33,2026-04-23 13:22:37,2026-04-23 13:45:03
CON-057,Consultation,R4 C3,Done,,2026-04-23 12:30:08,2026-04-23 12:30:33,2026-04-23 12:31:47,2026-04-23 13:45:03,2026-04-23 13:51:24
OPD-058,OPD Card,Admin C1,Done,,2026-04-23 12:31:44,,,2026-04-23 12:33:17,2026-04-23 12:35:16
OPD-059,OPD Card,Admin C1,Done,,2026-04-23 12:33:23,,,2026-04-23 12:35:29,2026-04-23 12:46:48
CON-060,Consultation,R1 C3,Done,,2026-04-23 12:36:41,2026-04-23 12:36:41,2026-04-23 12:37:34,2026-04-23 13:51:24,2026-04-23 14:13:13
CON-061,Consultation,R3 C1,Done,,2026-04-23 12:41:29,2026-04-23 12:41:29,2026-04-23 12:41:59,2026-04-23 14:13:13,2026-04-23 14:30:32
CON-062,Consultation,R4 C5,Done,,2026-04-23 12:41:38,2026-04-23 12:41:59,2026-04-23 12:42:02,2026-04-23 14:30:32,2026-04-23 14:51:19
OPD-063,OPD Reschedule,Reschedule C1,Done,,2026-04-23 12:44:19,,,2026-04-23 12:46:51,2026-04-23 12:51:30
CON-064,Consultation,R4 C2,Done,,2026-04-23 12:57:04,2026-04-23 12:57:04,2026-04-23 12:57:32,2026-04-23 14:51:19,2026-04-23 14:58:30
OPD-065,OPD Card,Admin C1,Done,,2026-04-23 12:57:45,,,2026-04-23 13:00:00,2026-04-23 13:02:14
CON-066,Consultation,R4 C2,Done,,2026-04-23 13:06:16,2026-04-23 13:06:16,2026-04-23 13:21:07,2026-04-23 14:58:30,2026-04-23 16:33:13
CON-067,Consultation,R1 C5,Done,,2026-04-23 13:12:11,2026-04-23 13:21:07,2026-04-23 13:25:39,2026-04-23 16:33:13,2026-04-23 16:53:20
CON-068,Consultation,R3 C5,Done,,2026-04-23 13:27:04,2026-04-23 13:27:04,2026-04-23 13:28:18,2026-04-23 16:53:20,2026-04-23 17:19:54
ECG-069,ECG,ECG R1,Done,,2026-04-23 13:32:03,,,2026-04-23 13:34:36,2026-04-23 13:59:10
CON-070,Consultation,R3 C2,Done,,2026-04-23 13:42:55,2026-04-23 13:42:55,2026-04-23 13:43:40,2026-04-23 17:19:54,2026-04-23 17:27:45
WAR-071,Warfarin,Warfarin C1,Done,,2026-04-23 13:49:08,,,2026-04-23 13:51:41,2026-04-23 13:52:12
OPD-072,OPD Screening,R1 C1,Done,,2026-04-23 13:50:01,2026-04-23 13:50:01,2026-04-23 13:59:08,2026-04-23 13:59:08,2026-04-23 14:01:32
OPD-073,OPD Card,Admin C1,Done,,2026-04-23 14:15:09,,,2026-04-23 14:17:32,2026-04-23 14:19:59
BEN-074,Benzathine,Benzathine C1,Done,,2026-04-23 14:15:10,,,2026-04-23 14:17:12,2026-04-23 14:24:29
OPD-075,OPD Screening,R1 C2,Done,,2026-04-23 14:16:01,2026-04-23 14:16:01,2026-04-23 14:22:01,2026-04-23 14:22:01,2026-04-23 14:22:15
CON-076,Consultation,R4 C4,Done,,2026-04-23 14:37:53,2026-04-23 14:37:53,2026-04-23 14:40:28,2026-04-23 17:27:45,2026-04-23 17:36:50
WAR-001,Warfarin,Warfarin C1,Done,,2026-04-24 08:07:23,,,2026-04-24 08:09:34,2026-04-24 08:49:05
BEN-002,Benzathine,Benzathine C1,Done,,2026-04-24 08:21:42,,,2026-04-24 08:49:05,2026-04-24 08:58:39
CON-003,Consultation,R2 C3,Done,,2026-04-24 08:21:55,2026-04-24 08:21:55,2026-04-24 08:22:10,2026-04-24 08:22:10,2026-04-24 08:38:22
OPD-004,OPD Card,Admin C1,Done,,2026-04-24 08:30:50,,,2026-04-24 08:32:38,2026-04-24 08:40:25
OPD-005,OPD Reschedule,Reschedule C1,Done,,2026-04-24 08:40:42,,,2026-04-24 08:42:52,2026-04-24 08:52:24
CON-006,Consultation,R4 C5,Done,,2026-04-24 08:44:55,2026-04-24 08:44:55,2026-04-24 08:47:10,2026-04-24 08:47:10,2026-04-24 09:17:55
BEN-007,Benzathine,Benzathine C1,Done,,2026-04-24 08:48:53,,,2026-04-24 08:58:39,2026-04-24 09:02:04
CON-008,Consultation,R4 C2,Done,,2026-04-24 08:49:51,2026-04-24 08:49:51,2026-04-24 08:52:21,2026-04-24 09:17:55,2026-04-24 09:19:00
WAR-009,Warfarin,Warfarin C1,Done,,2026-04-24 08:57:41,,,2026-04-24 09:02:04,2026-04-24 09:06:45
CON-010,Consultation,R3 C4,Done,,2026-04-24 09:04:50,2026-04-24 09:04:50,2026-04-24 09:04:55,2026-04-24 09:19:00,2026-04-24 09:50:33
REF-011,Refill Prescription,Refill C1,Done,,2026-04-24 09:06:05,,,2026-04-24 09:07:24,2026-04-24 09:15:07
CON-012,Consultation,R1 C2,Done,,2026-04-24 09:14:51,2026-04-24 09:14:51,2026-04-24 09:21:35,2026-04-24 09:50:33,2026-04-24 10:02:28
CON-013,Consultation,R3 C1,Done,,2026-04-24 09:19:26,2026-04-24 09:21:35,2026-04-24 09:25:39,2026-04-24 10:02:28,2026-04-24 10:34:49
CON-014,Consultation,R2 C2,Done,,2026-04-24 09:29:09,2026-04-24 09:29:09,2026-04-24 09:30:42,2026-04-24 10:34:49,2026-04-24 10:53:13
CON-015,Consultation,R1 C4,Done,,2026-04-24 09:29:58,2026-04-24 09:30:42,2026-04-24 09:35:51,2026-04-24 10:53:13,2026-04-24 11:09:33
ECG-016,ECG,ECG R1,Done,,2026-04-24 09:36:02,,,2026-04-24 09:37:30,2026-04-24 10:06:18
CON-017,Consultation,R4 C2,Done,,2026-04-24 09:42:42,2026-04-24 09:42:42,2026-04-24 09:50:53,2026-04-24 11:09:33,2026-04-24 11:31:28
CON-018,Consultation,R3 C1,Done,,2026-04-24 09:43:08,2026-04-24 09:50:53,2026-04-24 09:53:21,2026-04-24 11:31:28,2026-04-24 11:40:15
CON-019,Consultation,R4 C2,Done,,2026-04-24 09:48:33,2026-04-24 09:53:21,2026-04-24 09:57:19,2026-04-24 11:40:15,2026-04-24 11:42:50
OPD-020,OPD Card,Admin C1,Done,,2026-04-24 09:53:40,,,2026-04-24 09:54:40,2026-04-24 10:09:08
ECG-021,ECG,ECG R1,Done,,2026-04-24 10:01:59,,,2026-04-24 10:06:18,2026-04-24 10:17:23
CON-022,Consultation,R4 C3,Done,,2026-04-24 10:07:04,2026-04-24 10:07:04,2026-04-24 10:09:54,2026-04-24 11:42:50,2026-04-24 11:47:08
CON-023,Consultation,R2 C2,Done,,2026-04-24 10:08:37,2026-04-24 10:09:54,2026-04-24 10:12:15,2026-04-24 11:47:08,2026-04-24 11:49:59
BEN-024,Benzathine,Benzathine C1,Done,,2026-04-24 10:09:25,,,2026-04-24 10:10:34,2026-04-24 10:15:42
CON-025,Consultation,R1 C3,Done,,2026-04-24 10:16:15,2026-04-24 10:16:15,2026-04-24 10:22:22,2026-04-24 11:49:59,2026-04-24 12:01:36
CON-026,Consultation,R3 C2,Done,,2026-04-24 10:22:02,2026-04-24 10:22:22,2026-04-24 10:24:17,2026-04-24 12:01:36,2026-04-24 12:17:25
CON-027,Consultation,R3 C5,Done,,2026-04-24 10:22:06,2026-04-24 10:24:17,2026-04-24 10:34:16,2026-04-24 12:17:25,2026-04-24 12:26:44
CON-028,Consultation,R2 C1,Done,,2026-04-24 10:24:13,2026-04-24 10:34:16,2026-04-24 10:40:55,2026-04-24 12:26:44,2026-04-24 12:53:20
CON-029,Consultation,R3 C3,Done,,2026-04-24 10:24:13,2026-04-24 10:40:55,2026-04-24 10:48:38,2026-04-24 12:53:20,2026-04-24 12:56:49
OPD-030,OPD Reschedule,Reschedule C1,Done,,2026-04-24 10:40:40,,,2026-04-24 10:42:26,2026-04-24 10:44:49
OPD-031,OPD Screening,R1 C3,Done,,2026-04-24 10:40:43,2026-04-24 10:48:38,2026-04-24 10:50:51,2026-04-24 10:50:51,2026-04-24 10:51:34
OPD-032,OPD Screening,R1 C1,Done,,2026-04-24 10:46:12,2026-04-24 10:50:51,2026-04-24 10:54:18,2026-04-24 10:54:18,2026-04-24 10:59:20
REF-033,Refill Prescription,Refill C1,Done,,2026-04-24 10:54:43,,,2026-04-24 10:55:49,2026-04-24 10:59:30
CON-034,Consultation,R4 C1,Done,,2026-04-24 10:58:21,2026-04-24 10:58:21,2026-04-24 10:58:45,2026-04-24 12:56:49,2026-04-24 13:04:21
ECG-035,ECG,ECG R1,Done,,2026-04-24 11:03:48,,,2026-04-24 11:05:36,2026-04-24 11:07:04
OPD-036,OPD Screening,R1 C1,Done,,2026-04-24 11:16:58,2026-04-24 11:16:58,2026-04-24 11:18:47,2026-04-24 11:18:47,2026-04-24 11:22:17
CON-037,Consultation,R3 C2,Done,,2026-04-24 11:24:49,2026-04-24 11:24:49,2026-04-24 11:27:19,2026-04-24 13:04:21,2026-04-24 13:13:46
ECG-038,ECG,ECG R1,Done,,2026-04-24 11:25:37,,,2026-04-24 11:28:11,2026-04-24 11:35:24
OPD-039,OPD Card,Admin C1,Done,,2026-04-24 11:27:46,,,2026-04-24 11:29:17,2026-04-24 11:30:47
CON-040,Consultation,R3 C4,Done,,2026-04-24 11:34:53,2026-04-24 11:34:53,2026-04-24 11:47:39,2026-04-24 13:13:46,2026-04-24 13:37:10
CON-041,Consultation,R1 C1,Done,,2026-04-24 11:34:56,2026-04-24 11:47:39,2026-04-24 11:50:06,2026-04-24 13:37:10,2026-04-24 13:40:20
WAR-042,Warfarin,Warfarin C1,Done,,2026-04-24 11:36:24,,,2026-04-24 11:39:17,2026-04-24 11:42:20
CON-043,Consultation,R4 C1,Done,,2026-04-24 11:38:02,2026-04-24 11:50:06,2026-04-24 11:51:30,2026-04-24 13:40:20,2026-04-24 14:19:29
CON-044,Consultation,R4 C2,Done,,2026-04-24 11:49:41,2026-04-24 11:51:30,2026-04-24 11:52:44,2026-04-24 14:19:29,2026-04-24 14:19:58
OPD-045,OPD Card,Admin C1,Done,,2026-04-24 11:58:16,,,2026-04-24 12:00:22,2026-04-24 12:05:35
CON-046,Consultation,R3 C2,Done,,2026-04-24 12:01:08,2026-04-24 12:01:08,2026-04-24 12:02:38,2026-04-24 14:19:58,2026-04-24 14:29:27
CON-047,Consultation,R4 C2,Done,,2026-04-24 12:01:16,2026-04-24 12:02:38,2026-04-24 12:03:26,2026-04-24 14:29:27,2026-04-24 14:32:44
CON-048,Consultation,R3 C1,Done,,2026-04-24 12:17:32,2026-04-24 12:17:32,2026-04-24 12:20:46,2026-04-24 14:32:44,2026-04-24 14:52:32
BEN-049,Benzathine,Benzathine C1,Done,,2026-04-24 12:24:28,,,2026-04-24 12:26:34,2026-04-24 12:43:54
OPD-050,OPD Screening,R1 C2,Done,,2026-04-24 12:30:34,2026-04-24 12:30:34,2026-04-24 12:31:28,2026-04-24 12:31:28,2026-04-24 12:39:57
CON-051,Consultation,R3 C4,Done,,2026-04-24 12:35:49,2026-04-24 12:35:49,2026-04-24 12:41:37,2026-04-24 14:52:32,2026-04-24 14:52:48
OPD-052,OPD Card,Admin C1,Done,,2026-04-24 12:37:52,,,2026-04-24 12:40:20,2026-04-24 12:46:23
BEN-053,Benzathine,Benzathine C1,Done,,2026-04-24 12:45:15,,,2026-04-24 12:46:54,2026-04-24 12:52:56
WAR-054,Warfarin,Warfarin C1,Done,,2026-04-24 12:58:58,,,2026-04-24 13:00:34,2026-04-24 13:01:53
OPD-055,OPD Reschedule,Reschedule C1,Done,,2026-04-24 13:05:21,,,2026-04-24 13:08:14,2026-04-24 13:19:01
CON-056,Consultation,R1 C4,Done,,2026-04-24 13:09:40,2026-04-24 13:09:40,2026-04-24 13:10:23,2026-04-24 14:52:48,2026-04-24 15:04:22
CON-057,Consultation,R2 C5,Done,,2026-04-24 13:11:37,2026-04-24 13:11:37,2026-04-24 13:12:56,2026-04-24 15:04:22,2026-04-24 15:07:19
CON-058,Consultation,R2 C1,Done,,2026-04-24 13:25:13,2026-04-24 13:25:13,2026-04-24 13:35:24,2026-04-24 15:07:19,2026-04-24 15:27:59
OPD-059,OPD Card,Admin C1,Done,,2026-04-24 13:29:36,,,2026-04-24 13:30:58,2026-04-24 13:32:52
WAR-060,Warfarin,Warfarin C1,Done,,2026-04-24 13:33:28,,,2026-04-24 13:35:52,2026-04-24 13:43:34
ECG-061,ECG,ECG R1,Done,,2026-04-24 13:33:41,,,2026-04-24 13:35:01,2026-04-24 13:58:09
CON-062,Consultation,R3 C2,Done,,2026-04-24 13:34:11,2026-04-24 13:35:24,2026-04-24 13:36:13,2026-04-24 15:27:59,2026-04-24 15:45:10
CON-063,Consultation,R1 C5,Done,,2026-04-24 13:36:42,2026-04-24 13:36:42,2026-04-24 13:38:30,2026-04-24 15:45:10,2026-04-24 15:52:42
CON-064,Consultation,R3 C4,Done,,2026-04-24 13:41:26,2026-04-24 13:41:26,2026-04-24 13:51:48,2026-04-24 15:52:42,2026-04-24 16:03:50
BEN-065,Benzathine,Benzathine C1,Done,,2026-04-24 13:44:02,,,2026-04-24 13:45:48,2026-04-24 13:46:22
OPD-066,OPD Screening,R1 C1,Done,,2026-04-24 13:47:10,2026-04-24 13:51:48,2026-04-24 13:52:25,2026-04-24 13:52:25,2026-04-24 14:09:09
REF-067,Refill Prescription,Refill C1,Done,,2026-04-24 14:04:09,,,2026-04-24 14:05:59,2026-04-24 14:09:29
CON-068,Consultation,R3 C2,Done,,2026-04-24 14:05:28,2026-04-24 14:05:28,2026-04-24 14:10:03,2026-04-24 16:03:50,2026-04-24 16:26:04
ECG-069,ECG,ECG R1,Done,,2026-04-24 14:07:57,,,2026-04-24 14:10:26,2026-04-24 14:13:19
CON-070,Consultation,R3 C4,Done,,2026-04-24 14:18:23,2026-04-24 14:18:23,2026-04-24 14:19:29,2026-04-24 16:26:04,2026-04-24 16:37:38
CON-071,Consultation,R1 C2,Done,,2026-04-24 14:20:46,2026-04-24 14:20:46,2026-04-24 14:21:16,2026-04-24 16:37:38,2026-04-24 16:39:54
CON-072,Consultation,R2 C2,Done,,2026-04-24 14:21:01,2026-04-24 14:21:16,2026-04-24 14:23:48,2026-04-24 16:39:54,2026-04-24 16:48:10
CON-073,Consultation,R2 C1,Done,,2026-04-24 14:21:37,2026-04-24 14:23:48,2026-04-24 14:31:05,2026-04-24 16:48:10,2026-04-24 17:01:04
CON-074,Consultation,R1 C2,Done,,2026-04-24 14:23:03,2026-04-24 14:31:05,2026-04-24 14:31:08,2026-04-24 17:01:04,2026-04-24 17:01:10
CON-075,Consultation,R3 C4,Done,,2026-04-24 14:26:11,2026-04-24 14:31:08,2026-04-24 14:36:22,2026-04-24 17:01:10,2026-04-24 17:22:39
CON-076,Consultation,R1 C4,Done,,2026-04-24 14:31:19,2026-04-24 14:36:22,2026-04-24 14:38:58,2026-04-24 17:22:39,2026-04-24 17:36:52
BEN-077,Benzathine,Benzathine C1,Done,,2026-04-24 14:35:33,,,2026-04-24 14:38:28,2026-04-24 14:48:10
CON-078,Consultation,R2 C3,Done,,2026-04-24 14:40:14,2026-04-24 14:40:14,2026-04-24 14:41:24,2026-04-24 17:36:52,2026-04-24 17:39:43
CON-079,Consultation,R2 C1,Done,,2026-04-24 14:41:17,2026-04-24 14:41:24,2026-04-24 14:41:50,2026-04-24 17:39:43,2026-04-24 17:42:47
CON-080,Consultation,R4 C1,Done,,2026-04-24 14:47:58,2026-04-24 14:47:58,2026-04-24 14:48:37,2026-04-24 17:42:47,2026-04-24 17:58:04
ECG-081,ECG,ECG R1,Done,,2026-04-24 14:50:24,,,2026-04-24 14:53:15,2026-04-24 15:53:37
OPD-082,OPD Card,Admin C1,Done,,2026-04-24 14:54:36,,,2026-04-24 14:57:33,2026-04-24 14:57:38
CON-083,Consultation,R1 C5,Done,,2026-04-24 14:58:52,2026-04-24 14:58:52,2026-04-24 15:09:45,2026-04-24 17:58:04,2026-04-24 19:37:50
OPD-084,OPD Screening,R1 C3,Done,,2026-04-24 15:00:42,2026-04-24 15:09:45,2026-04-24 15:10:40,2026-04-24 15:10:40,2026-04-24 15:15:46
BEN-085,Benzathine,Benzathine C1,Done,,2026-04-24 15:00:48,,,2026-04-24 15:02:31,2026-04-24 15:49:36
BEN-086,Benzathine,Benzathine C1,Done,,2026-04-24 15:08:23,,,2026-04-24 15:49:36,2026-04-24 15:51:43
CON-087,Consultation,R2 C4,Done,,2026-04-24 15:13:12,2026-04-24 15:13:12,2026-04-24 15:14:27,2026-04-24 19:37:50,2026-04-24 19:43:41
ECG-088,ECG,ECG R1,Done,,2026-04-24 15:14:14,,,2026-04-24 15:53:37,2026-04-24 16:01:03
REF-089,Refill Prescription,Refill C1,Done,,2026-04-24 15:15:20,,,2026-04-24 15:17:23,2026-04-24 15:29:13
REF-090,Refill Prescription,Refill C1,Done,,2026-04-24 15:16:31,,,2026-04-24 15:29:13,2026-04-24 15:30:22
REF-091,Refill Prescription,Refill C1,Done,,2026-04-24 15:21:04,,,2026-04-24 15:30:22,2026-04-24 16:00:59
OPD-092,OPD Reschedule,Reschedule C1,Done,,2026-04-24 15:28:49,,,2026-04-24 16:00:59,2026-04-24 16:01:07
CON-093,Consultation,R3 C1,Done,,2026-04-24 15:42:44,2026-04-24 15:42:44,2026-04-24 15:46:36,2026-04-24 19:43:41,2026-04-24 19:47:31
OPD-094,OPD Screening,R1 C1,Done,,2026-04-24 15:43:12,2026-04-24 15:46:36,2026-04-24 15:48:58,2026-04-24 15:48:58,2026-04-24 15:50:49
WAR-095,Warfarin,Warfarin C1,Done,,2026-04-24 16:04:06,,,2026-04-24 16:05:25,2026-04-24 16:08:07
OPD-096,OPD Reschedule,Reschedule C1,Done,,2026-04-24 16:15:44,,,2026-04-24 16:17:36,2026-04-24 16:21:01
OPD-097,OPD Screening,R1 C1,Done,,2026-04-24 16:20:27,2026-04-24 16:20:27,2026-04-24 16:23:33,2026-04-24 16:23:33,2026-04-24 16:44:33
CON-098,Consultation,R3 C5,Done,,2026-04-24 16:21:34,2026-04-24 16:23:33,2026-04-24 16:24:22,2026-04-24 19:47:31,2026-04-24 19:59:45
ECG-099,ECG,ECG R1,Done,,2026-04-24 16:30:43,,,2026-04-24 16:32:45,2026-04-24 16:35:19
CON-100,Consultation,R2 C5,Done,,2026-04-24 16:32:06,2026-04-24 16:32:06,2026-04-24 16:32:18,2026-04-24 19:59:45,2026-04-24 20:05:40
CON-101,Consultation,R4 C1,Done,,2026-04-24 16:35:36,2026-04-24 16:35:36,2026-04-24 16:36:17,2026-04-24 20:05:40,2026-04-24 20:19:45
BEN-102,Benzathine,Benzathine C1,Done,,2026-04-24 16:43:10,,,2026-04-24 16:44:21,2026-04-24 16:47:06
CON-103,Consultation,R1 C2,Done,,2026-04-24 16:44:54,2026-04-24 16:44:54,2026-04-24 16:45:25,2026-04-24 20:19:45,2026-04-24 21:11:24
CON-104,Consultation,R1 C1,Done,,2026-04-24 17:05:51,2026-04-24 17:05:51,2026-04-24 17:08:52,2026-04-24 21:11:24,2026-04-24 21:12:31
WAR-105,Warfarin,Warfarin C1,Done,,2026-04-24 17:08:06,,,2026-04-24 17:09:44,2026-04-24 17:40:51
BEN-106,Benzathine,Benzathine C1,Done,,2026-04-24 17:16:44,,,2026-04-24 17:40:51,2026-04-24 17:40:55
CON-107,Consultation,R3 C2,Done,,2026-04-24 17:16:47,2026-04-24 17:16:47,2026-04-24 17:17:41,2026-04-24 21:12:31,2026-04-24 21:22:49
CON-001,Consultation,R1 C3,Done,,2026-04-25 08:01:51,2026-04-25 08:01:51,2026-04-25 08:08:41,2026-04-25 08:08:41,2026-04-25 08:26:39
CON-002,Consultation,R2 C5,Done,,2026-04-25 08:05:19,2026-04-25 08:08:41,2026-04-25 08:11:16,2026-04-25 08:26:39,2026-04-25 08:28:14
CON-003,Consultation,R4 C3,Done,,2026-04-25 08:06:34,2026-04-25 08:11:16,2026-04-25 08:12:15,2026-04-25 08:28:14,2026-04-25 08:49:36
CON-004,Consultation,R4 C4,Done,,2026-04-25 08:10:56,2026-04-25 08:12:15,2026-04-25 08:13:19,2026-04-25 08:49:36,2026-04-25 09:11:33
BEN-005,Benzathine,Benzathine C1,Done,,2026-04-25 08:12:24,,,2026-04-25 08:13:33,2026-04-25 08:16:58
BEN-006,Benzathine,Benzathine C1,Done,,2026-04-25 08:26:37,,,2026-04-25 08:29:04,2026-04-25 09:08:55
CON-007,Consultation,R3 C3,Done,,2026-04-25 08:28:05,2026-04-25 08:28:05,2026-04-25 08:29:03,2026-04-25 09:11:33,2026-04-25 09:36:09
OPD-008,OPD Card,Admin C1,Done,,2026-04-25 08:38:42,,,2026-04-25 08:40:12,2026-04-25 08:50:57
CON-009,Consultation,R4 C3,Done,,2026-04-25 08:40:06,2026-04-25 08:40:06,2026-04-25 08:42:07,2026-04-25 09:36:09,2026-04-25 09:42:37
OPD-010,OPD Screening,R1 C3,Done,,2026-04-25 08:42:00,2026-04-25 08:42:07,2026-04-25 08:43:23,2026-04-25 08:43:23,2026-04-25 08:47:49
BEN-011,Benzathine,Benzathine C1,Done,,2026-04-25 08:42:59,,,2026-04-25 09:08:55,2026-04-25 09:25:29
CON-012,Consultation,R2 C3,Done,,2026-04-25 08:43:52,2026-04-25 08:43:52,2026-04-25 08:49:36,2026-04-25 09:42:37,2026-04-25 09:57:07
OPD-013,OPD Reschedule,Reschedule C1,Done,,2026-04-25 08:45:24,,,2026-04-25 08:50:57,2026-04-25 08:56:07
CON-014,Consultation,R4 C1,Done,,2026-04-25 08:48:51,2026-04-25 08:49:36,2026-04-25 08:53:55,2026-04-25 09:57:07,2026-04-25 10:00:39
CON-015,Consultation,R2 C1,Done,,2026-04-25 08:49:25,2026-04-25 08:53:55,2026-04-25 08:54:00,2026-04-25 10:00:39,2026-04-25 10:19:03
REF-016,Refill Prescription,Refill C1,Done,,2026-04-25 08:54:43,,,2026-04-25 08:57:21,2026-04-25 08:59:24
CON-017,Consultation,R3 C2,Done,,2026-04-25 09:00:32,2026-04-25 09:00:32,2026-04-25 09:04:25,2026-04-25 10:19:03,2026-04-25 10:28:08
ECG-018,ECG,ECG R1,Done,,2026-04-25 09:07:11,,,2026-04-25 09:08:57,2026-04-25 09:56:53
REF-019,Refill Prescription,Refill C1,Done,,2026-04-25 09:08:46,,,2026-04-25 09:10:30,2026-04-25 09:26:01
OPD-020,OPD Screening,R1 C2,Done,,2026-04-25 09:13:48,2026-04-25 09:13:48,2026-04-25 09:14:48,2026-04-25 09:14:48,2026-04-25 09:27:06
CON-021,Consultation,R1 C5,Done,,2026-04-25 09:13:50,2026-04-25 09:14:48,2026-04-25 09:21:54,2026-04-25 10:28:08,2026-04-25 11:00:07
WAR-022,Warfarin,Warfarin C1,Done,,2026-04-25 09:17:37,,,2026-04-25 09:25:29,2026-04-25 09:42:19
BEN-023,Benzathine,Benzathine C1,Done,,2026-04-25 09:17:37,,,2026-04-25 09:42:19,2026-04-25 09:45:10
CON-024,Consultation,R3 C1,Done,,2026-04-25 09:19:25,2026-04-25 09:21:54,2026-04-25 09:23:13,2026-04-25 11:00:07,2026-04-25 11:42:17
CON-025,Consultation,R3 C2,Done,,2026-04-25 09:20:54,2026-04-25 09:23:13,2026-04-25 09:24:28,2026-04-25 11:42:17,2026-04-25 11:45:24
CON-026,Consultation,R3 C3,Done,,2026-04-25 09:24:05,2026-04-25 09:24:28,2026-04-25 09:30:31,2026-04-25 11:45:24,2026-04-25 12:00:51
OPD-027,OPD Reschedule,Reschedule C1,Done,,2026-04-25 09:25:05,,,2026-04-25 09:27:06,2026-04-25 09:27:12
CON-028,Consultation,R2 C3,Done,,2026-04-25 09:28:02,2026-04-25 09:30:31,2026-04-25 09:32:56,2026-04-25 12:00:51,2026-04-25 12:05:29
OPD-029,OPD Card,Admin C1,Done,,2026-04-25 09:34:43,,,2026-04-25 09:36:48,2026-04-25 09:43:01
CON-030,Consultation,R4 C1,Done,,2026-04-25 09:42:55,2026-04-25 09:42:55,2026-04-25 09:43:24,2026-04-25 12:05:29,2026-04-25 12:33:16
OPD-031,OPD Reschedule,Reschedule C1,Done,,2026-04-25 09:44:17,,,2026-04-25 09:47:07,2026-04-25 09:51:50
CON-032,Consultation,R4 C4,Done,,2026-04-25 09:50:01,2026-04-25 09:50:01,2026-04-25 09:52:54,2026-04-25 12:33:16,2026-04-25 12:42:13
OPD-033,OPD Screening,R1 C3,Done,,2026-04-25 09:57:41,2026-04-25 09:57:41,2026-04-25 09:59:45,2026-04-25 09:59:45,2026-04-25 10:01:18
OPD-034,OPD Card,Admin C1,Done,,2026-04-25 09:58:32,,,2026-04-25 10:01:11,2026-04-25 10:03:54
CON-035,Consultation,R4 C2,Done,,2026-04-25 09:58:57,2026-04-25 09:59:45,2026-04-25 10:01:41,2026-04-25 12:42:13,2026-04-25 12:43:22
OPD-036,OPD Reschedule,Reschedule C1,Done,,2026-04-25 10:02:48,,,2026-04-25 10:04:49,2026-04-25 10:13:19
OPD-037,OPD Reschedule,Reschedule C1,Done,,2026-04-25 10:08:41,,,2026-04-25 10:13:19,2026-04-25 10:14:10
OPD-038,OPD Card,Admin C1,Done,,2026-04-25 10:08:52,,,2026-04-25 10:14:10,2026-04-25 10:14:54
OPD-039,OPD Reschedule,Reschedule C1,Done,,2026-04-25 10:10:19,,,2026-04-25 10:14:54,2026-04-25 10:28:54
BEN-040,Benzathine,Benzathine C1,Done,,2026-04-25 10:14:09,,,2026-04-25 10:15:59,2026-04-25 10:17:15
ECG-041,ECG,ECG R1,Done,,2026-04-25 10:16:53,,,2026-04-25 10:19:14,2026-04-25 10:52:42
OPD-042,OPD Card,Admin C1,Done,,2026-04-25 10:18:07,,,2026-04-25 10:28:54,2026-04-25 10:30:24
OPD-043,OPD Screening,R1 C2,Done,,2026-04-25 10:19:11,2026-04-25 10:19:11,2026-04-25 10:23:29,2026-04-25 10:23:29,2026-04-25 10:25:34
OPD-044,OPD Screening,R1 C1,Done,,2026-04-25 10:20:23,2026-04-25 10:23:29,2026-04-25 10:31:06,2026-04-25 10:31:06,2026-04-25 10:46:38
WAR-045,Warfarin,Warfarin C1,Done,,2026-04-25 10:20:25,,,2026-04-25 10:22:54,2026-04-25 10:38:17
CON-046,Consultation,R4 C1,Done,,2026-04-25 10:21:25,2026-04-25 10:31:06,2026-04-25 10:36:42,2026-04-25 12:43:22,2026-04-25 13:05:08
CON-047,Consultation,R2 C2,Done,,2026-04-25 10:25:00,2026-04-25 10:36:42,2026-04-25 10:37:31,2026-04-25 13:05:08,2026-04-25 13:09:33
ECG-048,ECG,ECG R1,Done,,2026-04-25 10:43:09,,,2026-04-25 10:52:42,2026-04-25 10:57:09
ECG-049,ECG,ECG R1,Done,,2026-04-25 10:43:36,,,2026-04-25 10:57:09,2026-04-25 11:06:09
ECG-050,ECG,ECG R1,Done,,2026-04-25 10:49:16,,,2026-04-25 11:06:09,2026-04-25 11:41:19
ECG-051,ECG,ECG R1,Done,,2026-04-25 10:54:56,,,2026-04-25 11:41:19,2026-04-25 12:24:08
OPD-052,OPD Reschedule,Reschedule C1,Done,,2026-04-25 11:01:26,,,2026-04-25 11:04:09,2026-04-25 11:04:53
CON-053,Consultation,R4 C3,Done,,2026-04-25 11:01:28,2026-04-25 11:01:28,2026-04-25 11:02:06,2026-04-25 13:09:33,2026-04-25 13:45:09
CON-054,Consultation,R4 C4,Done,,2026-04-25 11:08:27,2026-04-25 11:08:27,2026-04-25 11:10:37,2026-04-25 13:45:09,2026-04-25 14:24:08
CON-055,Consultation,R4 C1,Done,,2026-04-25 11:09:56,2026-04-25 11:10:37,2026-04-25 11:11:25,2026-04-25 14:24:08,2026-04-25 14:24:12
CON-056,Consultation,R1 C5,Done,,2026-04-25 11:15:11,2026-04-25 11:15:11,2026-04-25 11:16:40,2026-04-25 14:24:12,2026-04-25 14:32:26
BEN-057,Benzathine,Benzathine C1,Done,,2026-04-25 11:24:31,,,2026-04-25 11:25:45,2026-04-25 11:26:59
OPD-058,OPD Reschedule,Reschedule C1,Done,,2026-04-25 11:34:05,,,2026-04-25 11:36:40,2026-04-25 11:46:11
CON-059,Consultation,R2 C5,Done,,2026-04-25 11:38:04,2026-04-25 11:38:04,2026-04-25 11:39:34,2026-04-25 14:32:26,2026-04-25 14:44:42
WAR-060,Warfarin,Warfarin C1,Done,,2026-04-25 11:44:08,,,2026-04-25 11:46:58,2026-04-25 11:49:55
OPD-061,OPD Card,Admin C1,Done,,2026-04-25 11:44:16,,,2026-04-25 11:46:56,2026-04-25 11:49:36
CON-062,Consultation,R1 C3,Done,,2026-04-25 11:53:09,2026-04-25 11:53:09,2026-04-25 11:54:16,2026-04-25 14:44:42,2026-04-25 14:45:31
ECG-063,ECG,ECG R1,Done,,2026-04-25 11:55:22,,,2026-04-25 12:24:08,2026-04-25 12:35:38
CON-064,Consultation,R3 C2,Done,,2026-04-25 11:57:10,2026-04-25 11:57:10,2026-04-25 11:58:26,2026-04-25 14:45:31,2026-04-25 14:48:06
REF-065,Refill Prescription,Refill C1,Done,,2026-04-25 12:11:35,,,2026-04-25 12:13:13,2026-04-25 12:15:25
CON-066,Consultation,R1 C4,Done,,2026-04-25 12:12:27,2026-04-25 12:12:27,2026-04-25 12:14:16,2026-04-25 14:48:06,2026-04-25 14:53:18
OPD-067,OPD Screening,R1 C1,Done,,2026-04-25 12:21:47,2026-04-25 12:21:47,2026-04-25 12:22:09,2026-04-25 12:22:09,2026-04-25 12:24:51
CON-068,Consultation,R3 C1,Done,,2026-04-25 12:22:00,2026-04-25 12:22:09,2026-04-25 12:23:21,2026-04-25 14:53:18,2026-04-25 15:35:08
CON-069,Consultation,R3 C3,Done,,2026-04-25 12:32:18,2026-04-25 12:32:18,2026-04-25 12:32:32,2026-04-25 15:35:08,2026-04-25 15:37:31
CON-070,Consultation,R4 C1,Done,,2026-04-25 12:56:19,2026-04-25 12:56:19,2026-04-25 12:59:11,2026-04-25 15:37:31,2026-04-25 15:41:01
CON-071,Consultation,R2 C4,Done,,2026-04-25 12:57:00,2026-04-25 12:59:11,2026-04-25 13:03:53,2026-04-25 15:41:01,2026-04-25 15:44:06
WAR-072,Warfarin,Warfarin C1,Done,,2026-04-25 13:03:48,,,2026-04-25 13:05:38,2026-04-25 13:10:16
OPD-073,OPD Card,Admin C1,Done,,2026-04-25 13:09:31,,,2026-04-25 13:11:24,2026-04-25 13:13:12
WAR-074,Warfarin,Warfarin C1,Done,,2026-04-25 13:10:33,,,2026-04-25 13:13:14,2026-04-25 13:26:09
OPD-075,OPD Screening,R1 C2,Done,,2026-04-25 13:18:08,2026-04-25 13:18:08,2026-04-25 13:20:41,2026-04-25 13:20:41,2026-04-25 13:57:02
WAR-076,Warfarin,Warfarin C1,Done,,2026-04-25 13:20:31,,,2026-04-25 13:26:09,2026-04-25 13:34:48
BEN-077,Benzathine,Benzathine C1,Done,,2026-04-25 13:31:28,,,2026-04-25 13:34:48,2026-04-25 13:35:49
CON-078,Consultation,R2 C5,Done,,2026-04-25 13:36:16,2026-04-25 13:36:16,2026-04-25 13:36:31,2026-04-25 15:44:06,2026-04-25 16:12:10
CON-079,Consultation,R3 C1,Done,,2026-04-25 13:40:45,2026-04-25 13:40:45,2026-04-25 13:54:04,2026-04-25 16:12:10,2026-04-25 16:13:45
ECG-080,ECG,ECG R1,Done,,2026-04-25 13:54:46,,,2026-04-25 13:55:55,2026-04-25 13:57:09
OPD-081,OPD Screening,R1 C1,Done,,2026-04-25 13:58:21,2026-04-25 13:58:21,2026-04-25 13:58:37,2026-04-25 13:58:37,2026-04-25 14:00:45
CON-082,Consultation,R2 C4,Done,,2026-04-25 14:02:15,2026-04-25 14:02:15,2026-04-25 14:03:49,2026-04-25 16:13:45,2026-04-25 16:16:12
REF-083,Refill Prescription,Refill C1,Done,,2026-04-25 14:17:30,,,2026-04-25 14:20:27,2026-04-25 14:20:29
OPD-084,OPD Screening,R1 C1,Done,,2026-04-25 14:18:03,2026-04-25 14:18:03,2026-04-25 14:22:29,2026-04-25 14:22:29,2026-04-25 14:28:06
CON-085,Consultation,R1 C1,Done,,2026-04-25 14:18:58,2026-04-25 14:22:29,2026-04-25 14:35:01,2026-04-25 16:16:12,2026-04-25 16:39:37
REF-086,Refill Prescription,Refill C1,Done,,2026-04-25 14:21:59,,,2026-04-25 14:24:38,2026-04-25 14:33:31
CON-087,Consultation,R4 C3,Done,,2026-04-25 14:31:34,2026-04-25 14:35:01,2026-04-25 14:35:24,2026-04-25 16:39:37,2026-04-25 17:15:23
CON-088,Consultation,R4 C1,Done,,2026-04-25 14:31:40,2026-04-25 14:35:24,2026-04-25 14:35:46,2026-04-25 17:15:23,2026-04-25 17:27:06
CON-089,Consultation,R3 C5,Done,,2026-04-25 14:41:15,2026-04-25 14:41:15,2026-04-25 14:41:36,2026-04-25 17:27:06,2026-04-25 17:50:08
WAR-001,Warfarin,Warfarin C1,Done,,2026-04-27 08:12:25,,,2026-04-27 08:14:27,2026-04-27 08:24:22
WAR-002,Warfarin,Warfarin C1,Done,,2026-04-27 08:12:43,,,2026-04-27 08:24:22,2026-04-27 08:24:39
CON-003,Consultation,R4 C2,Done,,2026-04-27 08:14:00,2026-04-27 08:14:00,2026-04-27 08:20:23,2026-04-27 08:20:23,2026-04-27 08:51:00
CON-004,Consultation,R2 C3,Done,,2026-04-27 08:25:03,2026-04-27 08:25:03,2026-04-27 08:32:37,2026-04-27 08:51:00,2026-04-27 08:53:44
WAR-005,Warfarin,Warfarin C1,Done,,2026-04-27 08:29:48,,,2026-04-27 08:31:31,2026-04-27 08:39:59
BEN-006,Benzathine,Benzathine C1,Done,,2026-04-27 08:30:28,,,2026-04-27 08:39:59,2026-04-27 08:47:10
OPD-007,OPD Card,Admin C1,Done,,2026-04-27 08:32:38,,,2026-04-27 08:34:20,2026-04-27 08:34:36
CON-008,Consultation,R2 C4,Done,,2026-04-27 08:33:38,2026-04-27 08:33:38,2026-04-27 08:39:29,2026-04-27 08:53:44,2026-04-27 09:05:17
WAR-009,Warfarin,Warfarin C1,Done,,2026-04-27 08:34:57,,,2026-04-27 08:47:10,2026-04-27 08:56:22
WAR-010,Warfarin,Warfarin C1,Done,,2026-04-27 08:37:37,,,2026-04-27 08:56:22,2026-04-27 09:41:17
CON-011,Consultation,R1 C5,Done,,2026-04-27 08:48:53,2026-04-27 08:48:53,2026-04-27 08:56:28,2026-04-27 09:05:17,2026-04-27 10:07:12
WAR-012,Warfarin,Warfarin C1,Done,,2026-04-27 08:53:16,,,2026-04-27 09:41:17,2026-04-27 09:47:17
CON-013,Consultation,R2 C4,Done,,2026-04-27 08:55:03,2026-04-27 08:56:28,2026-04-27 09:00:27,2026-04-27 10:07:12,2026-04-27 10:14:24
OPD-014,OPD Card,Admin C1,Done,,2026-04-27 08:57:44,,,2026-04-27 08:59:57,2026-04-27 09:04:39
OPD-015,OPD Screening,R1 C1,Done,,2026-04-27 09:01:39,2026-04-27 09:01:39,2026-04-27 09:08:21,2026-04-27 09:08:21,2026-04-27 09:08:23
CON-016,Consultation,R2 C4,Done,,2026-04-27 09:02:55,2026-04-27 09:08:21,2026-04-27 09:11:49,2026-04-27 10:14:24,2026-04-27 10:24:38
OPD-017,OPD Card,Admin C1,Done,,2026-04-27 09:23:34,,,2026-04-27 09:25:47,2026-04-27 09:27:47
CON-018,Consultation,R4 C2,Done,,2026-04-27 09:32:16,2026-04-27 09:32:16,2026-04-27 09:38:15,2026-04-27 10:24:38,2026-04-27 10:36:00
CON-019,Consultation,R3 C1,Done,,2026-04-27 09:41:00,2026-04-27 09:41:00,2026-04-27 09:44:08,2026-04-27 10:36:00,2026-04-27 10:40:34
CON-020,Consultation,R1 C3,Done,,2026-04-27 09:41:12,2026-04-27 09:44:08,2026-04-27 09:44:47,2026-04-27 10:40:34,2026-04-27 10:57:38
ECG-021,ECG,ECG R1,Done,,2026-04-27 09:42:12,,,2026-04-27 09:44:59,2026-04-27 10:25:10
OPD-022,OPD Card,Admin C1,Done,,2026-04-27 09:43:04,,,2026-04-27 09:45:33,2026-04-27 09:45:44
ECG-023,ECG,ECG R1,Done,,2026-04-27 09:43:20,,,2026-04-27 10:25:10,2026-04-27 10:28:47
REF-024,Refill Prescription,Refill C1,Done,,2026-04-27 09:47:13,,,2026-04-27 09:49:07,2026-04-27 09:51:19
OPD-025,OPD Card,Admin C1,Done,,2026-04-27 09:49:27,,,2026-04-27 09:52:17,2026-04-27 09:54:40
OPD-026,OPD Card,Admin C1,Done,,2026-04-27 09:54:52,,,2026-04-27 09:56:26,2026-04-27 10:03:32
OPD-027,OPD Reschedule,Reschedule C1,Done,,2026-04-27 09:55:21,,,2026-04-27 10:03:32,2026-04-27 10:08:51
CON-028,Consultation,R3 C5,Done,,2026-04-27 10:05:01,2026-04-27 10:05:01,2026-04-27 10:07:28,2026-04-27 10:57:38,2026-04-27 11:06:18
OPD-029,OPD Screening,R1 C1,Done,,2026-04-27 10:14:18,2026-04-27 10:14:18,2026-04-27 10:14:35,2026-04-27 10:14:35,2026-04-27 10:18:54
CON-030,Consultation,R1 C1,Done,,2026-04-27 10:22:15,2026-04-27 10:22:15,2026-04-27 10:23:06,2026-04-27 11:06:18,2026-04-27 11:08:59
WAR-031,Warfarin,Warfarin C1,Done,,2026-04-27 10:27:38,,,2026-04-27 10:30:07,2026-04-27 10:46:34
OPD-032,OPD Card,Admin C1,Done,,2026-04-27 10:45:00,,,2026-04-27 10:47:23,2026-04-27 10:52:44
BEN-033,Benzathine,Benzathine C1,Done,,2026-04-27 10:53:54,,,2026-04-27 10:55:07,2026-04-27 10:58:41
BEN-034,Benzathine,Benzathine C1,Done,,2026-04-27 10:55:15,,,2026-04-27 10:58:41,2026-04-27 11:12:16
OPD-035,OPD Screening,R1 C3,Done,,2026-04-27 11:03:06,2026-04-27 11:03:06,2026-04-27 11:18:18,2026-04-27 11:18:18,2026-04-27 11:18:50
CON-036,Consultation,R2 C2,Done,,2026-04-27 11:04:31,2026-04-27 11:18:18,2026-04-27 11:18:59,2026-04-27 11:18:59,2026-04-27 11:25:46
CON-037,Consultation,R3 C4,Done,,2026-04-27 11:05:56,2026-04-27 11:18:59,2026-04-27 11:20:25,2026-04-27 11:25:46,2026-04-27 11:40:03
WAR-038,Warfarin,Warfarin C1,Done,,2026-04-27 11:09:52,,,2026-04-27 11:12:17,2026-04-27 11:15:09
REF-039,Refill Prescription,Refill C1,Done,,2026-04-27 11:20:14,,,2026-04-27 11:22:49,2026-04-27 11:25:06
CON-040,Consultation,R1 C2,Done,,2026-04-27 11:23:02,2026-04-27 11:23:02,2026-04-27 11:26:22,2026-04-27 11:40:03,2026-04-27 11:45:28
CON-041,Consultation,R1 C1,Done,,2026-04-27 11:29:55,2026-04-27 11:29:55,2026-04-27 11:30:21,2026-04-27 11:45:28,2026-04-27 11:54:57
ECG-042,ECG,ECG R1,Done,,2026-04-27 11:33:13,,,2026-04-27 11:35:27,2026-04-27 11:45:11
CON-043,Consultation,R3 C3,Done,,2026-04-27 11:42:04,2026-04-27 11:42:04,2026-04-27 11:44:53,2026-04-27 11:54:57,2026-04-27 12:42:32
CON-044,Consultation,R2 C5,Done,,2026-04-27 11:47:33,2026-04-27 11:47:33,2026-04-27 11:48:54,2026-04-27 12:42:32,2026-04-27 12:47:14
REF-045,Refill Prescription,Refill C1,Done,,2026-04-27 11:49:56,,,2026-04-27 11:51:22,2026-04-27 11:52:18
BEN-046,Benzathine,Benzathine C1,Done,,2026-04-27 11:51:36,,,2026-04-27 11:52:43,2026-04-27 11:53:01
CON-047,Consultation,R1 C2,Done,,2026-04-27 11:57:50,2026-04-27 11:57:50,2026-04-27 11:59:09,2026-04-27 12:47:14,2026-04-27 12:58:58
BEN-048,Benzathine,Benzathine C1,Done,,2026-04-27 11:58:35,,,2026-04-27 11:59:44,2026-04-27 12:08:49
ECG-049,ECG,ECG R1,Done,,2026-04-27 12:04:15,,,2026-04-27 12:05:17,2026-04-27 12:14:40
CON-050,Consultation,R1 C1,Done,,2026-04-27 12:08:23,2026-04-27 12:08:23,2026-04-27 12:09:01,2026-04-27 12:58:58,2026-04-27 13:09:41
CON-051,Consultation,R2 C5,Done,,2026-04-27 12:11:11,2026-04-27 12:11:11,2026-04-27 12:14:33,2026-04-27 13:09:41,2026-04-27 13:10:05
ECG-052,ECG,ECG R1,Done,,2026-04-27 12:22:14,,,2026-04-27 12:24:35,2026-04-27 12:32:07
OPD-053,OPD Screening,R1 C2,Done,,2026-04-27 12:24:52,2026-04-27 12:24:52,2026-04-27 12:26:39,2026-04-27 12:26:39,2026-04-27 12:28:18
CON-054,Consultation,R2 C4,Done,,2026-04-27 12:29:11,2026-04-27 12:29:11,2026-04-27 12:29:49,2026-04-27 13:10:05,2026-04-27 13:24:43
REF-055,Refill Prescription,Refill C1,Done,,2026-04-27 12:34:38,,,2026-04-27 12:35:46,2026-04-27 12:39:17
CON-056,Consultation,R3 C1,Done,,2026-04-27 12:39:59,2026-04-27 12:39:59,2026-04-27 12:45:29,2026-04-27 13:24:43,2026-04-27 13:32:47
CON-057,Consultation,R2 C2,Done,,2026-04-27 12:42:42,2026-04-27 12:45:29,2026-04-27 12:52:45,2026-04-27 13:32:47,2026-04-27 13:33:14
CON-058,Consultation,R4 C1,Done,,2026-04-27 12:48:25,2026-04-27 12:52:45,2026-04-27 12:54:53,2026-04-27 13:33:14,2026-04-27 13:35:06
CON-059,Consultation,R3 C1,Done,,2026-04-27 12:50:55,2026-04-27 12:54:53,2026-04-27 12:55:14,2026-04-27 13:35:06,2026-04-27 13:39:21
CON-060,Consultation,R2 C3,Done,,2026-04-27 12:54:10,2026-04-27 12:55:14,2026-04-27 12:56:02,2026-04-27 13:39:21,2026-04-27 14:33:13
ECG-061,ECG,ECG R1,Done,,2026-04-27 12:57:45,,,2026-04-27 12:58:48,2026-04-27 13:21:38
CON-062,Consultation,R3 C3,Done,,2026-04-27 13:07:01,2026-04-27 13:07:01,2026-04-27 13:07:23,2026-04-27 14:33:13,2026-04-27 14:42:54
CON-063,Consultation,R1 C1,Done,,2026-04-27 13:08:37,2026-04-27 13:08:37,2026-04-27 13:08:53,2026-04-27 14:42:54,2026-04-27 14:51:13
CON-064,Consultation,R3 C1,Done,,2026-04-27 13:08:50,2026-04-27 13:08:53,2026-04-27 13:10:34,2026-04-27 14:51:13,2026-04-27 15:10:58
CON-065,Consultation,R3 C1,Done,,2026-04-27 13:12:07,2026-04-27 13:12:07,2026-04-27 13:18:13,2026-04-27 15:10:58,2026-04-27 16:07:41
CON-066,Consultation,R2 C4,Done,,2026-04-27 13:21:45,2026-04-27 13:21:45,2026-04-27 13:24:46,2026-04-27 16:07:41,2026-04-27 16:23:03
WAR-067,Warfarin,Warfarin C1,Done,,2026-04-27 13:25:11,,,2026-04-27 13:27:26,2026-04-27 13:31:34
OPD-068,OPD Reschedule,Reschedule C1,Done,,2026-04-27 13:29:37,,,2026-04-27 13:32:17,2026-04-27 13:37:36
ECG-069,ECG,ECG R1,Done,,2026-04-27 13:30:19,,,2026-04-27 13:31:49,2026-04-27 13:40:10
OPD-070,OPD Screening,R1 C3,Done,,2026-04-27 13:44:00,2026-04-27 13:44:00,2026-04-27 13:47:57,2026-04-27 13:47:57,2026-04-27 13:50:31
CON-071,Consultation,R1 C2,Done,,2026-04-27 13:46:20,2026-04-27 13:47:57,2026-04-27 13:50:07,2026-04-27 16:23:03,2026-04-27 16:34:25
REF-072,Refill Prescription,Refill C1,Done,,2026-04-27 14:02:20,,,2026-04-27 14:04:38,2026-04-27 14:04:40
CON-073,Consultation,R3 C1,Done,,2026-04-27 14:12:49,2026-04-27 14:12:49,2026-04-27 14:13:04,2026-04-27 16:34:25,2026-04-27 16:37:14
REF-074,Refill Prescription,Refill C1,Done,,2026-04-27 14:15:22,,,2026-04-27 14:18:11,2026-04-27 14:22:25
BEN-075,Benzathine,Benzathine C1,Done,,2026-04-27 14:16:11,,,2026-04-27 14:18:01,2026-04-27 14:30:08
OPD-076,OPD Reschedule,Reschedule C1,Done,,2026-04-27 14:18:39,,,2026-04-27 14:22:25,2026-04-27 14:27:28
WAR-077,Warfarin,Warfarin C1,Done,,2026-04-27 14:22:05,,,2026-04-27 14:30:08,2026-04-27 14:31:35
ECG-078,ECG,ECG R1,Done,,2026-04-27 14:30:13,,,2026-04-27 14:32:14,2026-04-27 14:33:15
CON-079,Consultation,R3 C4,Done,,2026-04-27 14:32:23,2026-04-27 14:32:23,2026-04-27 14:36:49,2026-04-27 16:37:14,2026-04-27 16:52:39
CON-080,Consultation,R2 C2,Done,,2026-04-27 14:33:46,2026-04-27 14:36:49,2026-04-27 14:44:03,2026-04-27 16:52:39,2026-04-27 17:07:47
REF-001,Refill Prescription,Refill C1,Done,,2026-04-28 08:00:38,,,2026-04-28 08:02:32,2026-04-28 08:10:52
CON-002,Consultation,R4 C2,Done,,2026-04-28 08:02:08,2026-04-28 08:02:08,2026-04-28 08:08:53,2026-04-28 08:08:53,2026-04-28 08:10:16
CON-003,Consultation,R1 C1,Done,,2026-04-28 08:05:17,2026-04-28 08:08:53,2026-04-28 08:09:27,2026-04-28 08:10:16,2026-04-28 08:28:19
WAR-004,Warfarin,Warfarin C1,Done,,2026-04-28 08:12:17,,,2026-04-28 08:13:38,2026-04-28 08:27:36
WAR-005,Warfarin,Warfarin C1,Done,,2026-04-28 08:13:39,,,2026-04-28 08:27:36,2026-04-28 08:35:45
CON-006,Consultation,R4 C4,Done,,2026-04-28 08:17:36,2026-04-28 08:17:36,2026-04-28 08:24:42,2026-04-28 08:28:19,2026-04-28 08:46:18
REF-007,Refill Prescription,Refill C1,Done,,2026-04-28 08:24:36,,,2026-04-28 08:25:46,2026-04-28 08:30:02
CON-008,Consultation,R2 C4,Done,,2026-04-28 08:28:54,2026-04-28 08:28:54,2026-04-28 08:28:57,2026-04-28 08:46:18,2026-04-28 09:05:56
CON-009,Consultation,R3 C1,Done,,2026-04-28 08:39:59,2026-04-28 08:39:59,2026-04-28 08:43:08,2026-04-28 09:05:56,2026-04-28 09:32:50
OPD-010,OPD Screening,R1 C1,Done,,2026-04-28 08:50:48,2026-04-28 08:50:48,2026-04-28 08:51:53,2026-04-28 08:51:53,2026-04-28 08:57:31
CON-011,Consultation,R3 C3,Done,,2026-04-28 08:52:14,2026-04-28 08:52:14,2026-04-28 08:52:39,2026-04-28 09:32:50,2026-04-28 09:33:06
BEN-012,Benzathine,Benzathine C1,Done,,2026-04-28 08:53:25,,,2026-04-28 08:55:49,2026-04-28 09:14:49
OPD-013,OPD Screening,R1 C1,Done,,2026-04-28 09:00:56,2026-04-28 09:00:56,2026-04-28 09:04:38,2026-04-28 09:04:38,2026-04-28 09:07:44
OPD-014,OPD Card,Admin C1,Done,,2026-04-28 09:01:22,,,2026-04-28 09:02:31,2026-04-28 09:07:20
ECG-015,ECG,ECG R1,Done,,2026-04-28 09:07:43,,,2026-04-28 09:10:20,2026-04-28 09:10:23
OPD-016,OPD Card,Admin C1,Done,,2026-04-28 09:16:39,,,2026-04-28 09:18:53,2026-04-28 09:20:30
REF-017,Refill Prescription,Refill C1,Done,,2026-04-28 09:26:17,,,2026-04-28 09:27:53,2026-04-28 09:31:34
CON-018,Consultation,R1 C3,Done,,2026-04-28 09:28:41,2026-04-28 09:28:41,2026-04-28 09:31:08,2026-04-28 09:33:06,2026-04-28 09:48:46
WAR-019,Warfarin,Warfarin C1,Done,,2026-04-28 09:30:50,,,2026-04-28 09:32:52,2026-04-28 09:50:36
CON-020,Consultation,R2 C1,Done,,2026-04-28 09:35:20,2026-04-28 09:35:20,2026-04-28 09:37:17,2026-04-28 09:48:46,2026-04-28 10:27:03
REF-021,Refill Prescription,Refill C1,Done,,2026-04-28 09:38:10,,,2026-04-28 09:40:32,2026-04-28 09:41:54
REF-022,Refill Prescription,Refill C1,Done,,2026-04-28 09:41:34,,,2026-04-28 09:44:09,2026-04-28 09:45:55
OPD-023,OPD Card,Admin C1,Done,,2026-04-28 09:48:21,,,2026-04-28 09:50:01,2026-04-28 09:52:05
BEN-024,Benzathine,Benzathine C1,Done,,2026-04-28 09:55:48,,,2026-04-28 09:58:10,2026-04-28 10:04:47
CON-025,Consultation,R3 C2,Done,,2026-04-28 10:02:35,2026-04-28 10:02:35,2026-04-28 10:03:13,2026-04-28 10:27:03,2026-04-28 10:41:10
CON-026,Consultation,R4 C1,Done,,2026-04-28 10:08:25,2026-04-28 10:08:25,2026-04-28 10:11:07,2026-04-28 10:41:10,2026-04-28 10:49:15
REF-027,Refill Prescription,Refill C1,Done,,2026-04-28 10:13:50,,,2026-04-28 10:15:29,2026-04-28 10:19:18
ECG-028,ECG,ECG R1,Done,,2026-04-28 10:16:24,,,2026-04-28 10:17:41,2026-04-28 11:32:21
CON-029,Consultation,R2 C3,Done,,2026-04-28 10:16:27,2026-04-28 10:16:27,2026-04-28 10:17:53,2026-04-28 10:49:15,2026-04-28 10:50:26
OPD-030,OPD Card,Admin C1,Done,,2026-04-28 10:18:08,,,2026-04-28 10:19:18,2026-04-28 10:21:47
OPD-031,OPD Screening,R1 C3,Done,,2026-04-28 10:19:01,2026-04-28 10:19:01,2026-04-28 10:25:04,2026-04-28 10:25:04,2026-04-28 10:33:22
CON-032,Consultation,R2 C2,Done,,2026-04-28 10:29:02,2026-04-28 10:29:02,2026-04-28 10:29:16,2026-04-28 10:50:26,2026-04-28 11:23:00
CON-033,Consultation,R1 C5,Done,,2026-04-28 10:29:38,2026-04-28 10:29:38,2026-04-28 10:32:28,2026-04-28 11:23:00,2026-04-28 11:30:29
CON-034,Consultation,R3 C1,Done,,2026-04-28 10:32:04,2026-04-28 10:32:28,2026-04-28 10:33:00,2026-04-28 11:30:29,2026-04-28 11:49:09
CON-035,Consultation,R1 C2,Done,,2026-04-28 10:36:46,2026-04-28 10:36:46,2026-04-28 10:45:19,2026-04-28 11:49:09,2026-04-28 11:58:49
OPD-036,OPD Card,Admin C1,Done,,2026-04-28 10:37:43,,,2026-04-28 10:39:09,2026-04-28 10:41:38
CON-037,Consultation,R4 C2,Done,,2026-04-28 10:54:13,2026-04-28 10:54:13,2026-04-28 10:54:43,2026-04-28 11:58:49,2026-04-28 11:59:28
CON-038,Consultation,R4 C2,Done,,2026-04-28 10:55:27,2026-04-28 10:55:27,2026-04-28 10:56:39,2026-04-28 11:59:28,2026-04-28 12:29:16
OPD-039,OPD Card,Admin C1,Done,,2026-04-28 10:59:33,,,2026-04-28 11:01:29,2026-04-28 11:09:11
OPD-040,OPD Card,Admin C1,Done,,2026-04-28 11:05:07,,,2026-04-28 11:09:11,2026-04-28 11:10:55
REF-041,Refill Prescription,Refill C1,Done,,2026-04-28 11:21:00,,,2026-04-28 11:23:52,2026-04-28 11:25:16
CON-042,Consultation,R4 C5,Done,,2026-04-28 11:23:42,2026-04-28 11:23:42,2026-04-28 11:23:42,2026-04-28 12:29:16,2026-04-28 12:29:36
OPD-043,OPD Screening,R1 C1,Done,,2026-04-28 11:31:22,2026-04-28 11:31:22,2026-04-28 11:35:35,2026-04-28 11:35:35,2026-04-28 11:45:02
OPD-044,OPD Card,Admin C1,Done,,2026-04-28 11:38:49,,,2026-04-28 11:40:11,2026-04-28 11:43:04
ECG-045,ECG,ECG R1,Done,,2026-04-28 11:47:55,,,2026-04-28 11:49:17,2026-04-28 11:59:23
OPD-046,OPD Screening,R1 C2,Done,,2026-04-28 11:50:51,2026-04-28 11:50:51,2026-04-28 11:56:21,2026-04-28 11:56:21,2026-04-28 12:16:33
CON-047,Consultation,R4 C2,Done,,2026-04-28 11:54:01,2026-04-28 11:56:21,2026-04-28 11:58:12,2026-04-28 12:29:36,2026-04-28 13:40:38
CON-048,Consultation,R2 C4,Done,,2026-04-28 11:54:25,2026-04-28 11:58:12,2026-04-28 11:58:31,2026-04-28 13:40:38,2026-04-28 13:41:17
ECG-049,ECG,ECG R1,Done,,2026-04-28 11:55:21,,,2026-04-28 11:59:23,2026-04-28 12:40:05
CON-050,Consultation,R2 C4,Done,,2026-04-28 12:10:33,2026-04-28 12:10:33,2026-04-28 12:14:48,2026-04-28 13:41:17,2026-04-28 14:00:36
WAR-051,Warfarin,Warfarin C1,Done,,2026-04-28 12:14:43,,,2026-04-28 12:16:35,2026-04-28 12:20:53
OPD-052,OPD Card,Admin C1,Done,,2026-04-28 12:24:05,,,2026-04-28 12:26:09,2026-04-28 12:36:45
CON-053,Consultation,R2 C2,Done,,2026-04-28 12:27:22,2026-04-28 12:27:22,2026-04-28 12:31:21,2026-04-28 14:00:36,2026-04-28 14:03:32
CON-054,Consultation,R4 C4,Done,,2026-04-28 12:32:55,2026-04-28 12:32:55,2026-04-28 12:36:00,2026-04-28 14:03:32,2026-04-28 14:05:01
CON-055,Consultation,R3 C2,Done,,2026-04-28 12:38:47,2026-04-28 12:38:47,2026-04-28 12:39:27,2026-04-28 14:05:01,2026-04-28 14:23:07
CON-056,Consultation,R3 C1,Done,,2026-04-28 12:40:13,2026-04-28 12:40:13,2026-04-28 12:40:17,2026-04-28 14:23:07,2026-04-28 14:47:01
OPD-057,OPD Card,Admin C1,Done,,2026-04-28 12:44:52,,,2026-04-28 12:47:30,2026-04-28 12:53:49
CON-058,Consultation,R4 C3,Done,,2026-04-28 12:55:00,2026-04-28 12:55:00,2026-04-28 12:57:05,2026-04-28 14:47:01,2026-04-28 15:12:28
OPD-059,OPD Screening,R1 C2,Done,,2026-04-28 12:57:34,2026-04-28 12:57:34,2026-04-28 13:04:06,2026-04-28 13:04:06,2026-04-28 13:07:41
CON-060,Consultation,R1 C4,Done,,2026-04-28 13:06:02,2026-04-28 13:06:02,2026-04-28 13:13:51,2026-04-28 15:12:28,2026-04-28 15:27:33
WAR-061,Warfarin,Warfarin C1,Done,,2026-04-28 13:13:44,,,2026-04-28 13:15:20,2026-04-28 13:18:01
CON-062,Consultation,R1 C4,Done,,2026-04-28 13:31:07,2026-04-28 13:31:07,2026-04-28 13:31:44,2026-04-28 15:27:33,2026-04-28 16:02:07
CON-063,Consultation,R3 C5,Done,,2026-04-28 13:34:50,2026-04-28 13:34:50,2026-04-28 13:35:29,2026-04-28 16:02:07,2026-04-28 16:22:49
WAR-064,Warfarin,Warfarin C1,Done,,2026-04-28 13:35:21,,,2026-04-28 13:38:14,2026-04-28 13:38:27
CON-065,Consultation,R1 C4,Done,,2026-04-28 13:38:55,2026-04-28 13:38:55,2026-04-28 13:41:22,2026-04-28 16:22:49,2026-04-28 16:44:29
CON-066,Consultation,R2 C4,Done,,2026-04-28 13:41:55,2026-04-28 13:41:55,2026-04-28 13:43:14,2026-04-28 16:44:29,2026-04-28 16:49:21
CON-067,Consultation,R4 C1,Done,,2026-04-28 13:46:48,2026-04-28 13:46:48,2026-04-28 13:50:09,2026-04-28 16:49:21,2026-04-28 17:07:01
OPD-068,OPD Reschedule,Reschedule C1,Done,,2026-04-28 13:56:22,,,2026-04-28 13:58:20,2026-04-28 14:09:51
ECG-069,ECG,ECG R1,Done,,2026-04-28 13:59:08,,,2026-04-28 14:01:10,2026-04-28 14:42:28
CON-070,Consultation,R3 C1,Done,,2026-04-28 14:07:05,2026-04-28 14:07:05,2026-04-28 14:09:32,2026-04-28 17:07:01,2026-04-28 17:17:57
CON-071,Consultation,R1 C4,Done,,2026-04-28 14:15:43,2026-04-28 14:15:43,2026-04-28 14:19:59,2026-04-28 17:17:57,2026-04-28 17:20:34
OPD-001,OPD Reschedule,Reschedule C1,Done,,2026-04-29 08:03:04,,,2026-04-29 08:05:13,2026-04-29 08:08:06
OPD-002,OPD Card,Admin C1,Done,,2026-04-29 08:04:21,,,2026-04-29 08:08:06,2026-04-29 08:09:48
CON-003,Consultation,R2 C5,Done,,2026-04-29 08:05:11,2026-04-29 08:05:11,2026-04-29 08:07:11,2026-04-29 08:07:11,2026-04-29 08:08:29
CON-004,Consultation,R2 C1,Done,,2026-04-29 08:08:17,2026-04-29 08:08:17,2026-04-29 08:08:26,2026-04-29 08:08:29,2026-04-29 08:18:40
WAR-005,Warfarin,Warfarin C1,Done,,2026-04-29 08:09:37,,,2026-04-29 08:11:41,2026-04-29 08:24:13
ECG-006,ECG,ECG R1,Done,,2026-04-29 08:11:39,,,2026-04-29 08:13:55,2026-04-29 08:37:09
OPD-007,OPD Card,Admin C1,Done,,2026-04-29 08:13:15,,,2026-04-29 08:15:50,2026-04-29 08:16:05
OPD-008,OPD Screening,R1 C2,Done,,2026-04-29 08:13:37,2026-04-29 08:13:37,2026-04-29 08:19:41,2026-04-29 08:19:41,2026-04-29 08:23:39
OPD-009,OPD Reschedule,Reschedule C1,Done,,2026-04-29 08:23:52,,,2026-04-29 08:26:02,2026-04-29 08:32:21
CON-010,Consultation,R1 C4,Done,,2026-04-29 08:24:38,2026-04-29 08:24:38,2026-04-29 08:25:46,2026-04-29 08:25:46,2026-04-29 08:33:08
OPD-011,OPD Reschedule,Reschedule C1,Done,,2026-04-29 08:24:39,,,2026-04-29 08:32:21,2026-04-29 08:45:53
OPD-012,OPD Card,Admin C1,Done,,2026-04-29 08:28:42,,,2026-04-29 08:45:53,2026-04-29 08:49:21
WAR-013,Warfarin,Warfarin C1,Done,,2026-04-29 08:32:25,,,2026-04-29 08:34:51,2026-04-29 08:40:37
CON-014,Consultation,R3 C4,Done,,2026-04-29 08:41:28,2026-04-29 08:41:28,2026-04-29 08:45:08,2026-04-29 08:45:08,2026-04-29 09:10:35
OPD-015,OPD Card,Admin C1,Done,,2026-04-29 08:43:05,,,2026-04-29 08:49:21,2026-04-29 08:50:30
CON-016,Consultation,R4 C3,Done,,2026-04-29 08:43:16,2026-04-29 08:45:08,2026-04-29 08:46:05,2026-04-29 09:10:35,2026-04-29 09:28:25
OPD-017,OPD Reschedule,Reschedule C1,Done,,2026-04-29 08:44:47,,,2026-04-29 08:50:30,2026-04-29 08:50:48
OPD-018,OPD Screening,R1 C2,Done,,2026-04-29 08:50:44,2026-04-29 08:50:44,2026-04-29 08:52:22,2026-04-29 08:52:22,2026-04-29 09:01:40
OPD-019,OPD Card,Admin C1,Done,,2026-04-29 09:07:23,,,2026-04-29 09:09:18,2026-04-29 09:21:16
CON-020,Consultation,R3 C4,Done,,2026-04-29 09:16:38,2026-04-29 09:16:38,2026-04-29 09:17:33,2026-04-29 09:28:25,2026-04-29 09:59:04
CON-021,Consultation,R4 C3,Done,,2026-04-29 09:20:17,2026-04-29 09:20:17,2026-04-29 09:22:53,2026-04-29 09:59:04,2026-04-29 10:15:40
WAR-022,Warfarin,Warfarin C1,Done,,2026-04-29 09:22:24,,,2026-04-29 09:24:37,2026-04-29 10:00:48
BEN-023,Benzathine,Benzathine C1,Done,,2026-04-29 09:39:08,,,2026-04-29 10:00:48,2026-04-29 10:04:57
BEN-024,Benzathine,Benzathine C1,Done,,2026-04-29 09:42:48,,,2026-04-29 10:04:57,2026-04-29 10:12:47
BEN-025,Benzathine,Benzathine C1,Done,,2026-04-29 09:43:47,,,2026-04-29 10:12:47,2026-04-29 10:23:24
CON-026,Consultation,R3 C2,Done,,2026-04-29 09:59:27,2026-04-29 09:59:27,2026-04-29 10:03:50,2026-04-29 10:15:40,2026-04-29 10:30:50
CON-027,Consultation,R1 C3,Done,,2026-04-29 10:00:51,2026-04-29 10:03:50,2026-04-29 10:04:04,2026-04-29 10:30:50,2026-04-29 10:58:35
WAR-028,Warfarin,Warfarin C1,Done,,2026-04-29 10:07:29,,,2026-04-29 10:23:24,2026-04-29 10:30:52
OPD-029,OPD Card,Admin C1,Done,,2026-04-29 10:10:13,,,2026-04-29 10:12:42,2026-04-29 10:14:38
CON-030,Consultation,R1 C1,Done,,2026-04-29 10:11:05,2026-04-29 10:11:05,2026-04-29 10:14:54,2026-04-29 10:58:35,2026-04-29 10:58:38
OPD-031,OPD Reschedule,Reschedule C1,Done,,2026-04-29 10:14:04,,,2026-04-29 10:15:33,2026-04-29 10:21:33
REF-032,Refill Prescription,Refill C1,Done,,2026-04-29 10:15:52,,,2026-04-29 10:21:33,2026-04-29 10:22:02
CON-033,Consultation,R4 C3,Done,,2026-04-29 10:16:24,2026-04-29 10:16:24,2026-04-29 10:24:14,2026-04-29 10:58:38,2026-04-29 11:14:24
OPD-034,OPD Screening,R1 C2,Done,,2026-04-29 10:17:08,2026-04-29 10:24:14,2026-04-29 10:24:20,2026-04-29 10:24:20,2026-04-29 10:34:24
CON-035,Consultation,R2 C4,Done,,2026-04-29 10:17:17,2026-04-29 10:24:20,2026-04-29 10:30:40,2026-04-29 11:14:24,2026-04-29 11:14:42
OPD-036,OPD Screening,R1 C1,Done,,2026-04-29 10:17:38,2026-04-29 10:30:40,2026-04-29 10:38:50,2026-04-29 10:38:50,2026-04-29 10:43:28
CON-037,Consultation,R2 C2,Done,,2026-04-29 10:27:21,2026-04-29 10:38:50,2026-04-29 10:40:38,2026-04-29 11:14:42,2026-04-29 11:15:57
OPD-038,OPD Screening,R1 C1,Done,,2026-04-29 10:27:37,2026-04-29 10:40:38,2026-04-29 10:45:58,2026-04-29 10:45:58,2026-04-29 10:55:15
OPD-039,OPD Screening,R1 C3,Done,,2026-04-29 10:31:04,2026-04-29 10:45:58,2026-04-29 10:56:47,2026-04-29 10:56:47,2026-04-29 11:06:05
OPD-040,OPD Screening,R1 C1,Done,,2026-04-29 10:31:59,2026-04-29 10:56:47,2026-04-29 10:57:19,2026-04-29 11:06:05,2026-04-29 11:07:46
CON-041,Consultation,R2 C2,Done,,2026-04-29 10:34:30,2026-04-29 10:57:19,2026-04-29 10:57:43,2026-04-29 11:15:57,2026-04-29 11:19:23
CON-042,Consultation,R4 C1,Done,,2026-04-29 10:37:20,2026-04-29 10:57:43,2026-04-29 10:59:01,2026-04-29 11:19:23,2026-04-29 11:21:54
WAR-043,Warfarin,Warfarin C1,Done,,2026-04-29 10:40:12,,,2026-04-29 10:41:45,2026-04-29 11:09:45
CON-044,Consultation,R1 C1,Done,,2026-04-29 10:42:06,2026-04-29 10:59:01,2026-04-29 11:08:19,2026-04-29 11:21:54,2026-04-29 11:38:48
ECG-045,ECG,ECG R1,Done,,2026-04-29 10:44:53,,,2026-04-29 10:46:42,2026-04-29 10:56:16
OPD-046,OPD Reschedule,Reschedule C1,Done,,2026-04-29 10:48:30,,,2026-04-29 10:49:32,2026-04-29 10:55:25
CON-047,Consultation,R1 C5,Done,,2026-04-29 10:51:47,2026-04-29 11:08:19,2026-04-29 11:09:04,2026-04-29 11:38:48,2026-04-29 11:39:23
CON-048,Consultation,R4 C5,Done,,2026-04-29 10:57:41,2026-04-29 11:09:04,2026-04-29 11:11:41,2026-04-29 11:39:23,2026-04-29 11:44:21
CON-049,Consultation,R1 C5,Done,,2026-04-29 11:09:04,2026-04-29 11:11:41,2026-04-29 11:14:21,2026-04-29 11:44:21,2026-04-29 11:46:02
CON-050,Consultation,R3 C1,Done,,2026-04-29 11:10:24,2026-04-29 11:14:21,2026-04-29 11:15:05,2026-04-29 11:46:02,2026-04-29 12:35:45
BEN-051,Benzathine,Benzathine C1,Done,,2026-04-29 11:14:54,,,2026-04-29 11:17:34,2026-04-29 11:22:00
OPD-052,OPD Screening,R1 C1,Done,,2026-04-29 11:16:18,2026-04-29 11:16:18,2026-04-29 11:21:55,2026-04-29 11:21:55,2026-04-29 11:25:48
WAR-053,Warfarin,Warfarin C1,Done,,2026-04-29 11:18:59,,,2026-04-29 11:22:00,2026-04-29 11:34:58
CON-054,Consultation,R1 C5,Done,,2026-04-29 11:28:02,2026-04-29 11:28:02,2026-04-29 11:28:47,2026-04-29 12:35:45,2026-04-29 12:36:49
OPD-055,OPD Screening,R1 C1,Done,,2026-04-29 11:29:06,2026-04-29 11:29:06,2026-04-29 11:29:15,2026-04-29 11:29:15,2026-04-29 11:55:09
CON-056,Consultation,R3 C2,Done,,2026-04-29 11:30:38,2026-04-29 11:30:38,2026-04-29 11:33:18,2026-04-29 12:36:49,2026-04-29 12:37:41
WAR-057,Warfarin,Warfarin C1,Done,,2026-04-29 11:42:34,,,2026-04-29 11:43:46,2026-04-29 12:01:04
CON-058,Consultation,R2 C4,Done,,2026-04-29 11:46:33,2026-04-29 11:46:33,2026-04-29 11:48:49,2026-04-29 12:37:41,2026-04-29 12:53:05
CON-059,Consultation,R1 C4,Done,,2026-04-29 11:53:18,2026-04-29 11:53:18,2026-04-29 11:57:22,2026-04-29 12:53:05,2026-04-29 13:11:19
CON-060,Consultation,R2 C3,Done,,2026-04-29 12:00:54,2026-04-29 12:00:54,2026-04-29 12:01:50,2026-04-29 13:11:19,2026-04-29 13:28:50
OPD-061,OPD Card,Admin C1,Done,,2026-04-29 12:02:13,,,2026-04-29 12:04:11,2026-04-29 12:11:25
CON-062,Consultation,R2 C4,Done,,2026-04-29 12:03:48,2026-04-29 12:03:48,2026-04-29 12:05:29,2026-04-29 13:28:50,2026-04-29 14:25:35
CON-063,Consultation,R2 C4,Done,,2026-04-29 12:06:00,2026-04-29 12:06:00,2026-04-29 12:09:05,2026-04-29 14:25:35,2026-04-29 14:35:55
OPD-064,OPD Card,Admin C1,Done,,2026-04-29 12:07:50,,,2026-04-29 12:11:25,2026-04-29 12:11:55
CON-065,Consultation,R2 C2,Done,,2026-04-29 12:10:04,2026-04-29 12:10:04,2026-04-29 12:10:22,2026-04-29 14:35:55,2026-04-29 14:51:30
CON-066,Consultation,R3 C3,Done,,2026-04-29 12:40:29,2026-04-29 12:40:29,2026-04-29 12:40:59,2026-04-29 14:51:30,2026-04-29 15:24:00
CON-067,Consultation,R4 C2,Done,,2026-04-29 12:48:14,2026-04-29 12:48:14,2026-04-29 12:58:22,2026-04-29 15:24:00,2026-04-29 15:34:23
CON-068,Consultation,R2 C4,Done,,2026-04-29 12:48:43,2026-04-29 12:58:22,2026-04-29 13:03:13,2026-04-29 15:34:23,2026-04-29 15:39:08
OPD-069,OPD Screening,R1 C2,Done,,2026-04-29 12:50:24,2026-04-29 13:03:13,2026-04-29 13:04:02,2026-04-29 13:04:02,2026-04-29 13:07:33
CON-070,Consultation,R3 C4,Done,,2026-04-29 12:55:50,2026-04-29 13:04:02,2026-04-29 13:05:54,2026-04-29 15:39:08,2026-04-29 15:50:39
CON-071,Consultation,R2 C3,Done,,2026-04-29 13:03:29,2026-04-29 13:05:54,2026-04-29 13:09:18,2026-04-29 15:50:39,2026-04-29 16:00:26
OPD-072,OPD Card,Admin C1,Done,,2026-04-29 13:05:09,,,2026-04-29 13:06:19,2026-04-29 13:06:27
ECG-073,ECG,ECG R1,Done,,2026-04-29 13:05:30,,,2026-04-29 13:06:47,2026-04-29 13:45:05
WAR-074,Warfarin,Warfarin C1,Done,,2026-04-29 13:06:01,,,2026-04-29 13:07:39,2026-04-29 13:08:49
CON-075,Consultation,R3 C5,Done,,2026-04-29 13:12:48,2026-04-29 13:12:48,2026-04-29 13:13:14,2026-04-29 16:00:26,2026-04-29 16:00:38
OPD-076,OPD Screening,R1 C1,Done,,2026-04-29 13:19:31,2026-04-29 13:19:31,2026-04-29 13:38:52,2026-04-29 13:38:52,2026-04-29 13:40:05
REF-077,Refill Prescription,Refill C1,Done,,2026-04-29 13:22:39,,,2026-04-29 13:24:54,2026-04-29 13:26:08
WAR-078,Warfarin,Warfarin C1,Done,,2026-04-29 13:29:59,,,2026-04-29 13:31:14,2026-04-29 13:36:14
CON-001,Consultation,R2 C4,Done,,2026-04-30 08:25:13,2026-04-30 08:25:13,2026-04-30 08:28:14,2026-04-30 08:28:14,2026-04-30 09:01:19
BEN-002,Benzathine,Benzathine C1,Done,,2026-04-30 08:27:39,,,2026-04-30 08:28:39,2026-04-30 08:31:44
BEN-003,Benzathine,Benzathine C1,Done,,2026-04-30 08:35:28,,,2026-04-30 08:37:15,2026-04-30 09:11:17
CON-004,Consultation,R4 C4,Done,,2026-04-30 08:36:37,2026-04-30 08:36:37,2026-04-30 08:40:08,2026-04-30 09:01:19,2026-04-30 09:06:22
OPD-005,OPD Screening,R1 C1,Done,,2026-04-30 08:41:01,2026-04-30 08:41:01,2026-04-30 08:42:36,2026-04-30 08:42:36,2026-04-30 08:47:54
OPD-006,OPD Reschedule,Reschedule C1,Done,,2026-04-30 08:42:04,,,2026-04-30 08:43:21,2026-04-30 08:48:13
WAR-007,Warfarin,Warfarin C1,Done,,2026-04-30 08:42:22,,,2026-04-30 09:11:17,2026-04-30 09:12:17
CON-008,Consultation,R2 C2,Done,,2026-04-30 08:43:28,2026-04-30 08:43:28,2026-04-30 08:45:01,2026-04-30 09:06:22,2026-04-30 09:21:43
CON-009,Consultation,R1 C1,Done,,2026-04-30 08:47:25,2026-04-30 08:47:25,2026-04-30 08:48:33,2026-04-30 09:21:43,2026-04-30 09:25:46
OPD-010,OPD Card,Admin C1,Done,,2026-04-30 08:48:12,,,2026-04-30 08:49:41,2026-04-30 09:10:00
OPD-011,OPD Reschedule,Reschedule C1,Done,,2026-04-30 08:48:57,,,2026-04-30 09:10:00,2026-04-30 09:15:46
REF-012,Refill Prescription,Refill C1,Done,,2026-04-30 08:49:19,,,2026-04-30 09:15:46,2026-04-30 09:24:08
OPD-013,OPD Screening,R1 C3,Done,,2026-04-30 08:54:47,2026-04-30 08:54:47,2026-04-30 08:56:46,2026-04-30 08:56:46,2026-04-30 09:00:26
OPD-014,OPD Reschedule,Reschedule C1,Done,,2026-04-30 08:58:10,,,2026-04-30 09:24:08,2026-04-30 09:36:21
WAR-015,Warfarin,Warfarin C1,Done,,2026-04-30 09:01:56,,,2026-04-30 09:12:17,2026-04-30 09:15:38
CON-016,Consultation,R4 C4,Done,,2026-04-30 09:04:49,2026-04-30 09:04:49,2026-04-30 09:08:48,2026-04-30 09:25:46,2026-04-30 09:28:21
CON-017,Consultation,R4 C1,Done,,2026-04-30 09:16:21,2026-04-30 09:16:21,2026-04-30 09:25:38,2026-04-30 09:28:21,2026-04-30 09:43:16
CON-018,Consultation,R3 C5,Done,,2026-04-30 09:17:23,2026-04-30 09:25:38,2026-04-30 09:29:24,2026-04-30 09:43:16,2026-04-30 09:44:47
CON-019,Consultation,R4 C2,Done,,2026-04-30 09:19:34,2026-04-30 09:29:24,2026-04-30 09:36:33,2026-04-30 09:44:47,2026-04-30 09:49:36
CON-020,Consultation,R1 C2,Done,,2026-04-30 09:19:38,2026-04-30 09:36:33,2026-04-30 09:39:00,2026-04-30 09:49:36,2026-04-30 10:21:40
CON-021,Consultation,R3 C1,Done,,2026-04-30 09:20:31,2026-04-30 09:39:00,2026-04-30 09:42:29,2026-04-30 10:21:40,2026-04-30 10:29:30
OPD-022,OPD Card,Admin C1,Done,,2026-04-30 09:24:39,,,2026-04-30 09:36:21,2026-04-30 09:42:12
OPD-023,OPD Card,Admin C1,Done,,2026-04-30 09:26:27,,,2026-04-30 09:42:12,2026-04-30 09:50:14
OPD-024,OPD Screening,R1 C2,Done,,2026-04-30 09:30:53,2026-04-30 09:42:29,2026-04-30 09:44:21,2026-04-30 09:44:21,2026-04-30 09:48:15
OPD-025,OPD Reschedule,Reschedule C1,Done,,2026-04-30 09:31:26,,,2026-04-30 09:50:14,2026-04-30 09:50:41
WAR-026,Warfarin,Warfarin C1,Done,,2026-04-30 09:36:20,,,2026-04-30 09:38:30,2026-04-30 09:56:12
CON-027,Consultation,R3 C2,Done,,2026-04-30 09:50:00,2026-04-30 09:50:00,2026-04-30 09:52:30,2026-04-30 10:29:30,2026-04-30 10:34:24
CON-028,Consultation,R2 C5,Done,,2026-04-30 09:51:07,2026-04-30 09:52:30,2026-04-30 10:00:13,2026-04-30 10:34:24,2026-04-30 10:45:06
OPD-029,OPD Card,Admin C1,Done,,2026-04-30 09:51:58,,,2026-04-30 09:54:30,2026-04-30 09:57:25
WAR-030,Warfarin,Warfarin C1,Done,,2026-04-30 09:53:55,,,2026-04-30 09:56:12,2026-04-30 10:05:02
CON-031,Consultation,R4 C2,Done,,2026-04-30 10:05:16,2026-04-30 10:05:16,2026-04-30 10:08:17,2026-04-30 10:45:06,2026-04-30 11:13:14
BEN-032,Benzathine,Benzathine C1,Done,,2026-04-30 10:08:22,,,2026-04-30 10:10:25,2026-04-30 10:34:47
CON-033,Consultation,R2 C3,Done,,2026-04-30 10:20:18,2026-04-30 10:20:18,2026-04-30 10:21:28,2026-04-30 11:13:14,2026-04-30 11:14:33
CON-034,Consultation,R3 C5,Done,,2026-04-30 10:25:37,2026-04-30 10:25:37,2026-04-30 10:37:30,2026-04-30 11:14:33,2026-04-30 11:29:09
OPD-035,OPD Reschedule,Reschedule C1,Done,,2026-04-30 10:31:36,,,2026-04-30 10:32:50,2026-04-30 10:38:31
WAR-036,Warfarin,Warfarin C1,Done,,2026-04-30 10:32:44,,,2026-04-30 10:35:00,2026-04-30 10:36:05
OPD-037,OPD Screening,R1 C3,Done,,2026-04-30 10:34:25,2026-04-30 10:37:30,2026-04-30 10:37:36,2026-04-30 10:37:36,2026-04-30 10:53:18
CON-038,Consultation,R3 C5,Done,,2026-04-30 10:37:49,2026-04-30 10:37:49,2026-04-30 10:39:04,2026-04-30 11:29:09,2026-04-30 11:49:37
CON-039,Consultation,R3 C2,Done,,2026-04-30 10:38:17,2026-04-30 10:39:04,2026-04-30 10:46:12,2026-04-30 11:49:37,2026-04-30 11:55:59
BEN-040,Benzathine,Benzathine C1,Done,,2026-04-30 10:47:28,,,2026-04-30 10:50:27,2026-04-30 10:55:50
BEN-041,Benzathine,Benzathine C1,Done,,2026-04-30 10:50:15,,,2026-04-30 10:55:50,2026-04-30 11:12:07
REF-042,Refill Prescription,Refill C1,Done,,2026-04-30 10:53:02,,,2026-04-30 10:54:13,2026-04-30 11:01:42
REF-043,Refill Prescription,Refill C1,Done,,2026-04-30 10:55:55,,,2026-04-30 11:01:42,2026-04-30 11:02:33
CON-044,Consultation,R2 C3,Done,,2026-04-30 10:57:05,2026-04-30 10:57:05,2026-04-30 11:01:57,2026-04-30 11:55:59,2026-04-30 12:05:16
CON-045,Consultation,R2 C3,Done,,2026-04-30 10:59:40,2026-04-30 11:01:57,2026-04-30 11:02:21,2026-04-30 12:05:16,2026-04-30 12:08:43
CON-046,Consultation,R1 C3,Done,,2026-04-30 11:09:42,2026-04-30 11:09:42,2026-04-30 11:14:09,2026-04-30 12:08:43,2026-04-30 12:15:13
CON-047,Consultation,R2 C1,Done,,2026-04-30 11:13:53,2026-04-30 11:14:09,2026-04-30 11:15:53,2026-04-30 12:15:13,2026-04-30 12:36:09
BEN-048,Benzathine,Benzathine C1,Done,,2026-04-30 11:14:50,,,2026-04-30 11:16:53,2026-04-30 11:19:20
CON-049,Consultation,R3 C2,Done,,2026-04-30 11:24:11,2026-04-30 11:24:11,2026-04-30 11:26:19,2026-04-30 12:36:09,2026-04-30 12:36:11
CON-050,Consultation,R2 C2,Done,,2026-04-30 11:32:23,2026-04-30 11:32:23,2026-04-30 11:38:43,2026-04-30 12:36:11,2026-04-30 12:40:02
CON-051,Consultation,R2 C5,Done,,2026-04-30 11:33:51,2026-04-30 11:38:43,2026-04-30 11:45:56,2026-04-30 12:40:02,2026-04-30 12:45:25
OPD-052,OPD Screening,R1 C3,Done,,2026-04-30 11:37:29,2026-04-30 11:45:56,2026-04-30 11:46:35,2026-04-30 11:46:35,2026-04-30 12:03:11
CON-053,Consultation,R3 C3,Done,,2026-04-30 11:49:12,2026-04-30 11:49:12,2026-04-30 11:55:24,2026-04-30 12:45:25,2026-04-30 12:47:37
BEN-054,Benzathine,Benzathine C1,Done,,2026-04-30 12:01:46,,,2026-04-30 12:03:24,2026-04-30 12:35:22
ECG-055,ECG,ECG R1,Done,,2026-04-30 12:07:56,,,2026-04-30 12:10:50,2026-04-30 12:42:00
OPD-056,OPD Reschedule,Reschedule C1,Done,,2026-04-30 12:11:27,,,2026-04-30 12:13:06,2026-04-30 12:13:46
CON-057,Consultation,R2 C1,Done,,2026-04-30 12:21:47,2026-04-30 12:21:47,2026-04-30 12:25:22,2026-04-30 12:47:37,2026-04-30 12:50:14
CON-058,Consultation,R4 C2,Done,,2026-04-30 12:30:21,2026-04-30 12:30:21,2026-04-30 12:31:41,2026-04-30 12:50:14,2026-04-30 13:25:12
OPD-059,OPD Card,Admin C1,Done,,2026-04-30 12:42:39,,,2026-04-30 12:43:46,2026-04-30 12:48:52
ECG-060,ECG,ECG R1,Done,,2026-04-30 12:51:26,,,2026-04-30 12:53:41,2026-04-30 13:17:40
BEN-061,Benzathine,Benzathine C1,Done,,2026-04-30 12:54:00,,,2026-04-30 12:55:12,2026-04-30 12:58:40
BEN-062,Benzathine,Benzathine C1,Done,,2026-04-30 12:55:37,,,2026-04-30 12:58:40,2026-04-30 13:02:22
CON-063,Consultation,R4 C4,Done,,2026-04-30 12:56:19,2026-04-30 12:56:19,2026-04-30 12:57:53,2026-04-30 13:25:12,2026-04-30 13:42:46
OPD-064,OPD Screening,R1 C1,Done,,2026-04-30 13:02:27,2026-04-30 13:02:27,2026-04-30 13:10:10,2026-04-30 13:10:10,2026-04-30 13:26:41
OPD-065,OPD Card,Admin C1,Done,,2026-04-30 13:09:43,,,2026-04-30 13:12:05,2026-04-30 13:16:03
CON-066,Consultation,R2 C5,Done,,2026-04-30 13:28:47,2026-04-30 13:28:47,2026-04-30 13:30:23,2026-04-30 13:42:46,2026-04-30 14:00:29
CON-067,Consultation,R3 C1,Done,,2026-04-30 13:43:58,2026-04-30 13:43:58,2026-04-30 13:43:58,2026-04-30 14:00:29,2026-04-30 14:06:59
ECG-068,ECG,ECG R1,Done,,2026-04-30 13:47:06,,,2026-04-30 13:48:53,2026-04-30 13:56:33
REF-069,Refill Prescription,Refill C1,Done,,2026-04-30 13:49:41,,,2026-04-30 13:51:16,2026-04-30 13:52:02
OPD-070,OPD Screening,R1 C2,Done,,2026-04-30 13:54:38,2026-04-30 13:54:38,2026-04-30 13:56:07,2026-04-30 13:56:07,2026-04-30 14:00:37
CON-071,Consultation,R2 C4,Done,,2026-04-30 14:07:45,2026-04-30 14:07:45,2026-04-30 14:20:41,2026-04-30 14:20:41,2026-04-30 14:53:29
REF-072,Refill Prescription,Refill C1,Done,,2026-04-30 14:13:09,,,2026-04-30 14:14:48,2026-04-30 14:21:03
CON-073,Consultation,R4 C1,Done,,2026-04-30 14:15:26,2026-04-30 14:20:41,2026-04-30 14:22:26,2026-04-30 14:53:29,2026-04-30 15:21:01
OPD-074,OPD Card,Admin C1,Done,,2026-04-30 14:20:38,,,2026-04-30 14:23:32,2026-04-30 14:27:41
CON-075,Consultation,R3 C4,Done,,2026-04-30 14:21:09,2026-04-30 14:22:26,2026-04-30 14:25:22,2026-04-30 15:21:01,2026-04-30 15:53:23
OPD-076,OPD Card,Admin C1,Done,,2026-04-30 14:36:58,,,2026-04-30 14:38:00,2026-04-30 14:44:09
CON-077,Consultation,R1 C4,Done,,2026-04-30 14:40:07,2026-04-30 14:40:07,2026-04-30 14:44:40,2026-04-30 15:53:23,2026-04-30 16:08:14
CON-078,Consultation,R4 C4,Done,,2026-04-30 14:45:22,2026-04-30 14:45:22,2026-04-30 14:48:47,2026-04-30 16:08:14,2026-04-30 16:16:13
CON-079,Consultation,R1 C4,Done,,2026-04-30 14:46:41,2026-04-30 14:48:47,2026-04-30 15:01:34,2026-04-30 16:16:13,2026-04-30 16:21:17
CON-080,Consultation,R3 C2,Done,,2026-04-30 14:46:51,2026-04-30 15:01:34,2026-04-30 15:03:03,2026-04-30 16:21:17,2026-04-30 16:38:34
CON-081,Consultation,R3 C4,Done,,2026-04-30 14:51:08,2026-04-30 15:03:03,2026-04-30 15:03:53,2026-04-30 16:38:34,2026-04-30 16:52:43
CON-082,Consultation,R1 C2,Done,,2026-04-30 14:53:12,2026-04-30 15:03:53,2026-04-30 15:05:13,2026-04-30 16:52:43,2026-04-30 17:07:40
CON-083,Consultation,R3 C2,Done,,2026-04-30 15:05:53,2026-04-30 15:05:53,2026-04-30 15:06:21,2026-04-30 17:07:40,2026-04-30 17:09:40
OPD-084,OPD Card,Admin C1,Done,,2026-04-30 15:06:37,,,2026-04-30 15:09:30,2026-04-30 15:20:47
CON-085,Consultation,R4 C5,Done,,2026-04-30 15:13:08,2026-04-30 15:13:08,2026-04-30 15:13:45,2026-04-30 17:09:40,2026-04-30 18:20:19
